Thời_gian,Nhiệt_độ_C,Độ_ẩm_%,Lượng_mưa_mm,Độ_ẩm_đất,Chiều_cao_triều_m,Nguy_cơ_ngập,Địa phương
2026-08-25 00:00:00,29.3,72,0.0,0.224,0.54,0,TP Hue
2026-08-25 01:00:00,29.1,74,0.0,0.213,0.58,0,TP Hue
2026-08-25 02:00:00,28.6,77,0.0,0.212,0.56,0,TP Hue
2026-08-25 03:00:00,28.3,80,0.0,0.212,0.54,0,TP Hue
2026-08-25 04:00:00,28.2,81,0.0,0.212,0.52,0,TP Hue
2026-08-25 05:00:00,28.7,74,0.0,0.212,0.52,0,TP Hue
2026-08-25 06:00:00,29.1,71,0.0,0.212,0.52,0,TP Hue
2026-08-25 07:00:00,30.7,65,0.0,0.218,0.52,0,TP Hue
2026-08-25 08:00:00,32.0,57,0.0,0.217,0.54,0,TP Hue
2026-08-25 09:00:00,32.9,55,0.2,0.218,0.56,0,TP Hue
2026-08-25 10:00:00,33.6,52,0.1,0.217,0.58,0,TP Hue
2026-08-25 11:00:00,34.2,50,0.0,0.215,0.6,0,TP Hue
2026-08-25 12:00:00,34.1,49,0.0,0.213,0.6,0,TP Hue
2026-08-25 13:00:00,35.7,43,0.0,0.215,0.62,0,TP Hue
2026-08-25 14:00:00,34.3,48,0.1,0.214,0.62,0,TP Hue
2026-08-25 15:00:00,33.2,51,0.0,0.212,0.64,0,TP Hue
2026-08-25 16:00:00,32.8,52,0.0,0.211,0.64,0,TP Hue
2026-08-25 17:00:00,32.7,54,0.1,0.211,0.64,0,TP Hue
2026-08-25 18:00:00,32.0,58,0.0,0.211,0.64,0,TP Hue
2026-08-25 19:00:00,31.7,62,0.0,0.207,0.64,0,TP Hue
2026-08-25 20:00:00,30.6,70,0.1,0.207,0.64,0,TP Hue
2026-08-25 21:00:00,30.1,71,0.0,0.207,0.62,0,TP Hue
2026-08-25 22:00:00,30.0,66,0.0,0.207,0.62,0,TP Hue
2026-08-25 23:00:00,29.8,64,0.0,0.206,0.6,0,TP Hue
2026-08-26 00:00:00,29.4,65,0.0,0.206,0.6,0,TP Hue
2026-08-26 01:00:00,29.4,66,0.0,0.182,0.58,0,TP Hue
2026-08-26 02:00:00,28.9,68,0.0,0.182,0.56,0,TP Hue
2026-08-26 03:00:00,28.5,69,0.0,0.182,0.56,0,TP Hue
2026-08-26 04:00:00,28.0,72,0.0,0.182,0.54,0,TP Hue
2026-08-26 05:00:00,27.9,72,0.0,0.182,0.52,0,TP Hue
2026-08-26 06:00:00,28.4,70,0.0,0.182,0.5,0,TP Hue
2026-08-26 07:00:00,31.0,60,0.0,0.177,0.48,0,TP Hue
2026-08-26 08:00:00,32.7,52,0.0,0.177,0.46,0,TP Hue
2026-08-26 09:00:00,33.9,49,0.0,0.177,0.44,0,TP Hue
2026-08-26 10:00:00,35.4,47,0.0,0.177,0.42,0,TP Hue
2026-08-26 11:00:00,37.2,41,0.0,0.177,0.4,0,TP Hue
2026-08-26 12:00:00,38.4,37,0.0,0.177,0.4,0,TP Hue
2026-08-26 13:00:00,38.9,37,0.0,0.177,0.38,0,TP Hue
2026-08-26 14:00:00,38.1,38,0.2,0.178,0.4,0,TP Hue
2026-08-26 15:00:00,37.8,37,0.0,0.179,0.4,0,TP Hue
2026-08-26 16:00:00,37.1,39,0.0,0.179,0.42,0,TP Hue
2026-08-26 17:00:00,35.9,43,0.2,0.18,0.44,0,TP Hue
2026-08-26 18:00:00,34.3,49,0.0,0.18,0.46,0,TP Hue
2026-08-26 19:00:00,33.5,52,0.0,0.183,0.48,0,TP Hue
2026-08-26 20:00:00,32.4,59,0.0,0.183,0.48,0,TP Hue
2026-08-26 21:00:00,32.0,58,0.0,0.183,0.48,0,TP Hue
2026-08-26 22:00:00,31.5,58,0.0,0.183,0.48,0,TP Hue
2026-08-26 23:00:00,31.1,60,0.0,0.183,0.46,0,TP Hue
2026-08-27 00:00:00,31.0,59,0.0,0.183,0.44,0,TP Hue
2026-08-27 01:00:00,30.8,62,0.0,0.199,0.42,0,TP Hue
2026-08-27 02:00:00,30.1,65,0.0,0.199,0.4,0,TP Hue
2026-08-27 03:00:00,29.6,67,0.0,0.199,0.4,0,TP Hue
2026-08-27 04:00:00,29.3,67,0.0,0.199,0.38,0,TP Hue
2026-08-27 05:00:00,28.9,70,0.0,0.199,0.36,0,TP Hue
2026-08-27 06:00:00,28.7,72,0.0,0.199,0.34,0,TP Hue
2026-08-27 07:00:00,30.8,61,0.0,0.191,0.32,0,TP Hue
2026-08-27 08:00:00,32.4,56,0.0,0.191,0.32,0,TP Hue
2026-08-27 09:00:00,34.2,50,0.0,0.191,0.34,0,TP Hue
2026-08-27 10:00:00,35.9,47,0.0,0.191,0.34,0,TP Hue
2026-08-27 11:00:00,37.4,43,0.0,0.191,0.36,0,TP Hue
2026-08-27 12:00:00,38.8,38,0.0,0.191,0.4,0,TP Hue
2026-08-27 13:00:00,38.5,38,0.0,0.195,0.42,0,TP Hue
2026-08-27 14:00:00,38.0,38,0.0,0.195,0.42,0,TP Hue
2026-08-27 15:00:00,37.0,42,0.3,0.198,0.4,0,TP Hue
2026-08-27 16:00:00,36.0,44,0.3,0.2,0.4,0,TP Hue
2026-08-27 17:00:00,35.0,48,0.1,0.201,0.42,0,TP Hue
2026-08-27 18:00:00,33.5,54,0.1,0.202,0.46,0,TP Hue
2026-08-27 19:00:00,32.1,63,0.0,0.204,0.48,0,TP Hue
2026-08-27 20:00:00,31.4,69,0.0,0.204,0.48,0,TP Hue
2026-08-27 21:00:00,31.2,71,0.0,0.203,0.46,0,TP Hue
2026-08-27 22:00:00,30.8,72,0.0,0.203,0.46,0,TP Hue
2026-08-27 23:00:00,30.8,68,0.0,0.203,0.44,0,TP Hue
2026-08-28 00:00:00,30.9,61,0.0,0.203,0.4,0,TP Hue
2026-08-28 01:00:00,30.6,64,0.0,0.212,0.38,0,TP Hue
2026-08-28 02:00:00,30.0,67,0.0,0.212,0.36,0,TP Hue
2026-08-28 03:00:00,29.7,67,0.0,0.211,0.34,0,TP Hue
2026-08-28 04:00:00,29.5,68,0.0,0.211,0.32,0,TP Hue
2026-08-28 05:00:00,29.3,68,0.0,0.211,0.32,0,TP Hue
2026-08-28 06:00:00,29.3,68,0.0,0.211,0.3,0,TP Hue
2026-08-28 07:00:00,30.4,71,0.0,0.195,0.3,0,TP Hue
2026-08-28 08:00:00,32.9,55,0.0,0.195,0.3,0,TP Hue
2026-08-28 09:00:00,34.1,49,0.0,0.195,0.3,0,TP Hue
2026-08-28 10:00:00,35.3,47,0.0,0.195,0.3,0,TP Hue
2026-08-28 11:00:00,36.9,41,0.0,0.195,0.32,0,TP Hue
2026-08-28 12:00:00,37.9,38,0.0,0.195,0.32,0,TP Hue
2026-08-28 13:00:00,37.5,37,0.0,0.186,0.34,0,TP Hue
2026-08-28 14:00:00,36.8,39,0.6,0.191,0.34,0,TP Hue
2026-08-28 15:00:00,36.5,40,0.4,0.195,0.36,0,TP Hue
2026-08-28 16:00:00,36.1,41,0.1,0.197,0.36,0,TP Hue
2026-08-28 17:00:00,35.6,42,0.0,0.197,0.36,0,TP Hue
2026-08-28 18:00:00,34.1,48,0.0,0.197,0.34,0,TP Hue
2026-08-28 19:00:00,33.5,50,0.0,0.163,0.34,0,TP Hue
2026-08-28 20:00:00,32.4,55,0.0,0.163,0.34,0,TP Hue
2026-08-28 21:00:00,31.5,61,0.0,0.163,0.34,0,TP Hue
2026-08-28 22:00:00,30.9,62,0.0,0.163,0.34,0,TP Hue
2026-08-28 23:00:00,30.6,61,0.0,0.163,0.32,0,TP Hue
2026-08-29 00:00:00,30.3,60,0.0,0.163,0.32,0,TP Hue
2026-08-29 01:00:00,30.4,60,0.0,0.175,0.3,0,TP Hue
2026-08-29 02:00:00,29.8,63,0.0,0.175,0.3,0,TP Hue
2026-08-29 03:00:00,29.2,67,0.0,0.175,0.28,0,TP Hue
2026-08-29 04:00:00,28.8,70,0.0,0.175,0.28,0,TP Hue
2026-08-29 05:00:00,28.7,70,0.0,0.175,0.28,0,TP Hue
2026-08-29 06:00:00,28.9,71,0.0,0.175,0.28,0,TP Hue
2026-08-29 07:00:00,31.3,58,0.0,0.158,0.28,0,TP Hue
2026-08-29 08:00:00,32.9,52,0.0,0.158,0.28,0,TP Hue
2026-08-29 09:00:00,33.9,48,0.0,0.158,0.26,0,TP Hue
2026-08-29 10:00:00,35.7,44,0.0,0.158,0.26,0,TP Hue
2026-08-29 11:00:00,37.0,40,0.0,0.158,0.32,0,TP Hue
2026-08-29 12:00:00,37.7,38,0.0,0.158,0.36,0,TP Hue
2026-08-29 13:00:00,36.2,42,0.0,0.17,0.42,0,TP Hue
2026-08-29 14:00:00,36.3,42,0.0,0.17,0.46,0,TP Hue
2026-08-29 15:00:00,36.3,42,0.0,0.17,0.48,0,TP Hue
2026-08-29 16:00:00,36.0,42,0.0,0.17,0.52,0,TP Hue
2026-08-29 17:00:00,35.3,43,0.0,0.17,0.48,0,TP Hue
2026-08-29 18:00:00,34.1,48,0.0,0.17,0.46,0,TP Hue
2026-08-29 19:00:00,33.7,49,0.0,0.124,0.42,0,TP Hue
2026-08-29 20:00:00,32.9,52,0.0,0.124,0.4,0,TP Hue
2026-08-29 21:00:00,32.1,54,0.0,0.124,0.36,0,TP Hue
2026-08-29 22:00:00,31.6,55,0.0,0.124,0.34,0,TP Hue
2026-08-29 23:00:00,31.4,56,0.0,0.124,0.34,0,TP Hue
2026-08-30 00:00:00,31.0,58,0.0,0.124,0.36,0,TP Hue
2026-08-30 01:00:00,31.3,58,0.0,0.084,0.36,0,TP Hue
2026-08-30 02:00:00,29.8,68,0.2,0.085,0.38,0,TP Hue
2026-08-30 03:00:00,28.1,85,0.3,0.088,0.38,0,TP Hue
2026-08-30 04:00:00,28.0,88,0.0,0.088,0.4,0,TP Hue
2026-08-30 05:00:00,28.1,88,0.0,0.088,0.42,0,TP Hue
2026-08-30 06:00:00,28.0,85,0.0,0.088,0.46,0,TP Hue
2026-08-30 07:00:00,27.4,85,0.0,0.041,0.48,0,TP Hue
2026-08-30 08:00:00,29.7,73,0.3,0.043,0.52,0,TP Hue
2026-08-30 09:00:00,29.9,70,0.2,0.045,0.54,0,TP Hue
2026-08-30 10:00:00,31.4,60,0.0,0.045,0.58,0,TP Hue
2026-08-30 11:00:00,32.0,57,0.0,0.045,0.6,0,TP Hue
2026-08-30 12:00:00,32.4,54,0.0,0.045,0.64,0,TP Hue
2026-08-30 13:00:00,33.1,51,0.0,0.01,0.66,0,TP Hue
2026-08-30 14:00:00,32.9,50,0.0,0.01,0.64,0,TP Hue
2026-08-30 15:00:00,32.5,50,0.0,0.01,0.64,0,TP Hue
2026-08-30 16:00:00,32.4,50,0.0,0.01,0.62,0,TP Hue
2026-08-30 17:00:00,32.1,51,0.0,0.01,0.58,0,TP Hue
2026-08-30 18:00:00,31.2,54,0.0,0.01,0.56,0,TP Hue
2026-08-30 19:00:00,30.6,61,0.0,0.041,0.52,0,TP Hue
2026-08-30 20:00:00,30.2,62,0.0,0.041,0.52,0,TP Hue
2026-08-30 21:00:00,29.9,63,0.0,0.041,0.52,0,TP Hue
2026-08-30 22:00:00,29.4,66,0.0,0.041,0.52,0,TP Hue
2026-08-30 23:00:00,29.3,66,0.0,0.041,0.52,0,TP Hue
2026-08-31 00:00:00,29.0,65,0.0,0.041,0.52,0,TP Hue
2026-08-31 01:00:00,28.5,73,1.2,0.04,0.52,0,TP Hue
2026-08-31 02:00:00,28.2,71,0.0,0.04,0.52,0,TP Hue
2026-08-31 03:00:00,28.4,67,0.0,0.04,0.54,0,TP Hue
2026-08-31 04:00:00,28.6,66,0.0,0.04,0.54,0,TP Hue
2026-08-31 05:00:00,28.7,67,0.0,0.04,0.56,0,TP Hue
2026-08-31 06:00:00,28.4,69,0.0,0.04,0.56,0,TP Hue
2026-08-31 07:00:00,28.1,71,0.0,0.071,0.58,0,TP Hue
2026-08-31 08:00:00,25.7,93,5.9,0.147,0.62,0,TP Hue
2026-08-31 09:00:00,26.5,92,2.0,0.173,0.66,0,TP Hue
2026-08-31 10:00:00,32.1,62,0.0,0.173,0.7,0,TP Hue
2026-08-31 11:00:00,34.1,49,0.0,0.173,0.8,0,TP Hue
2026-08-31 12:00:00,33.6,50,0.0,0.173,0.88,0,TP Hue
2026-08-31 13:00:00,31.5,56,0.0,0.22,0.98,0,TP Hue
2026-08-31 14:00:00,31.4,55,0.0,0.219,0.98,0,TP Hue
2026-08-31 15:00:00,31.3,55,0.0,0.217,0.96,0,TP Hue
2026-08-31 16:00:00,30.1,58,0.0,0.217,0.96,0,TP Hue
2026-08-31 17:00:00,29.7,61,0.0,0.216,0.94,0,TP Hue
2026-08-31 18:00:00,29.4,63,0.0,0.215,0.9,0,TP Hue
2026-08-31 19:00:00,29.7,58,0.0,0.119,0.88,0,TP Hue
2026-08-31 20:00:00,28.9,62,0.0,0.119,0.8,0,TP Hue
2026-08-31 21:00:00,28.3,65,0.1,0.12,0.7,0,TP Hue
2026-08-31 22:00:00,27.0,75,0.4,0.123,0.62,0,TP Hue
2026-08-31 23:00:00,26.7,79,0.3,0.126,0.62,0,TP Hue
2026-09-01 00:00:00,26.4,85,0.5,0.13,0.62,0,TP Hue
2026-09-01 01:00:00,26.2,87,0.7,0.128,0.62,0,TP Hue
2026-09-01 02:00:00,25.9,89,0.5,0.133,0.64,0,TP Hue
2026-09-01 03:00:00,25.5,89,1.5,0.154,0.68,0,TP Hue
2026-09-01 04:00:00,24.5,94,8.5,0.272,0.7,0,TP Hue
2026-09-01 05:00:00,24.4,95,9.7,0.408,0.74,0,TP Hue
2026-09-01 06:00:00,24.5,96,6.2,0.49,0.78,0,TP Hue
2026-09-01 07:00:00,24.5,94,7.2,0.488,0.82,0,TP Hue
2026-09-01 08:00:00,25.0,94,2.2,0.502,0.74,0,TP Hue
2026-09-01 09:00:00,25.7,94,1.2,0.497,0.66,0,TP Hue
2026-09-01 10:00:00,26.4,93,0.5,0.489,0.58,0,TP Hue
2026-09-01 11:00:00,26.7,91,0.3,0.482,0.6,0,TP Hue
2026-09-01 12:00:00,27.7,80,0.4,0.477,0.6,0,TP Hue
2026-09-01 13:00:00,28.1,83,0.3,0.472,0.62,0,TP Hue
2026-09-01 14:00:00,29.4,75,0.0,0.465,0.6,0,TP Hue
2026-09-01 15:00:00,29.6,72,0.0,0.458,0.58,0,TP Hue
2026-09-01 16:00:00,29.1,74,0.0,0.454,0.56,0,TP Hue
2026-09-01 17:00:00,29.1,74,0.0,0.45,0.54,0,TP Hue
2026-09-01 18:00:00,28.4,75,0.0,0.447,0.54,0,TP Hue
2026-09-01 19:00:00,28.1,78,0.0,0.455,0.52,0,TP Hue
2026-09-01 20:00:00,27.6,81,0.0,0.452,0.52,0,TP Hue
2026-09-01 21:00:00,26.9,87,0.0,0.45,0.52,0,TP Hue
2026-09-01 22:00:00,26.6,86,0.0,0.448,0.52,0,TP Hue
2026-09-01 23:00:00,26.3,87,0.0,0.446,0.54,0,TP Hue
2026-09-02 00:00:00,26.0,90,0.0,0.444,0.56,0,TP Hue
2026-09-02 01:00:00,25.9,93,0.0,0.442,0.58,0,TP Hue
2026-09-02 02:00:00,25.8,93,0.0,0.441,0.58,0,TP Hue
2026-09-02 03:00:00,25.6,93,0.0,0.439,0.6,0,TP Hue
2026-09-02 04:00:00,25.6,92,0.0,0.438,0.6,0,TP Hue
2026-09-02 05:00:00,25.6,91,0.0,0.437,0.58,0,TP Hue
2026-09-02 06:00:00,26.0,88,0.0,0.436,0.58,0,TP Hue
2026-09-02 07:00:00,28.2,79,0.0,0.421,0.56,0,TP Hue
2026-09-02 08:00:00,30.6,67,0.0,0.418,0.54,0,TP Hue
2026-09-02 09:00:00,32.5,59,0.0,0.413,0.54,0,TP Hue
2026-09-02 10:00:00,33.9,52,0.0,0.406,0.52,0,TP Hue
2026-09-02 11:00:00,34.3,48,0.0,0.399,0.54,0,TP Hue
2026-09-02 12:00:00,34.6,46,0.1,0.393,0.54,0,TP Hue
2026-09-02 13:00:00,35.4,39,0.0,0.383,0.56,0,TP Hue
2026-09-02 14:00:00,34.5,42,0.1,0.376,0.6,0,TP Hue
2026-09-02 15:00:00,34.0,46,0.0,0.37,0.62,0,TP Hue
2026-09-02 16:00:00,33.3,49,0.1,0.366,0.66,0,TP Hue
2026-09-02 17:00:00,30.9,66,0.1,0.364,0.62,0,TP Hue
2026-09-02 18:00:00,30.0,69,0.0,0.363,0.56,0,TP Hue
2026-09-02 19:00:00,29.0,68,0.0,0.355,0.52,0,TP Hue
2026-09-02 20:00:00,28.1,75,0.0,0.355,0.5,0,TP Hue
2026-09-02 21:00:00,27.6,80,0.0,0.354,0.5,0,TP Hue
2026-09-02 22:00:00,27.1,85,0.0,0.354,0.48,0,TP Hue
2026-09-02 23:00:00,26.6,88,0.0,0.354,0.5,0,TP Hue
2026-09-03 00:00:00,26.3,89,0.0,0.354,0.5,0,TP Hue
2026-09-03 01:00:00,26.6,89,0.0,0.337,0.52,0,TP Hue
2026-09-03 02:00:00,26.2,92,0.0,0.337,0.52,0,TP Hue
2026-09-03 03:00:00,26.0,93,0.0,0.337,0.52,0,TP Hue
2026-09-03 04:00:00,25.5,95,0.0,0.337,0.52,0,TP Hue
2026-09-03 05:00:00,25.4,92,0.0,0.336,0.5,0,TP Hue
2026-09-03 06:00:00,25.6,88,0.0,0.336,0.48,0,TP Hue
2026-09-03 07:00:00,27.9,81,0.0,0.351,0.46,0,TP Hue
2026-09-03 08:00:00,30.3,69,0.0,0.349,0.44,0,TP Hue
2026-09-03 09:00:00,32.3,60,0.0,0.346,0.42,0,TP Hue
2026-09-03 10:00:00,33.8,48,0.1,0.341,0.4,0,TP Hue
2026-09-03 11:00:00,34.5,44,0.0,0.336,0.42,0,TP Hue
2026-09-03 12:00:00,35.1,44,0.0,0.329,0.44,0,TP Hue
2026-09-03 13:00:00,34.7,45,0.0,0.32,0.46,0,TP Hue
2026-09-03 14:00:00,34.4,46,0.0,0.314,0.46,0,TP Hue
2026-09-03 15:00:00,33.8,47,0.2,0.312,0.46,0,TP Hue
2026-09-03 16:00:00,32.9,50,0.1,0.309,0.46,0,TP Hue
2026-09-03 17:00:00,31.8,55,0.0,0.306,0.42,0,TP Hue
2026-09-03 18:00:00,30.6,62,0.0,0.305,0.4,0,TP Hue
2026-09-03 19:00:00,29.5,75,0.0,0.322,0.36,0,TP Hue
2026-09-03 20:00:00,28.5,80,0.0,0.322,0.34,0,TP Hue
2026-09-03 21:00:00,28.1,84,0.0,0.322,0.32,0,TP Hue
2026-09-03 22:00:00,27.6,87,0.0,0.322,0.3,0,TP Hue
2026-09-03 23:00:00,26.9,93,0.0,0.322,0.3,0,TP Hue
2026-09-04 00:00:00,26.6,94,0.0,0.322,0.3,0,TP Hue
2026-09-04 01:00:00,26.5,94,0.0,0.318,0.3,0,TP Hue
2026-09-04 02:00:00,26.1,93,0.0,0.317,0.3,0,TP Hue
2026-09-04 03:00:00,25.9,93,0.0,0.317,0.3,0,TP Hue
2026-09-04 04:00:00,25.3,93,0.0,0.317,0.3,0,TP Hue
2026-09-04 05:00:00,24.9,91,0.0,0.317,0.3,0,TP Hue
2026-09-04 06:00:00,24.7,89,0.0,0.317,0.3,0,TP Hue
2026-09-04 07:00:00,26.9,80,0.0,0.305,0.3,0,TP Hue
2026-09-04 08:00:00,30.4,65,0.0,0.303,0.3,0,TP Hue
2026-09-04 09:00:00,32.5,58,0.0,0.3,0.3,0,TP Hue
2026-09-04 10:00:00,33.7,54,0.0,0.297,0.3,0,TP Hue
2026-09-04 11:00:00,33.9,52,0.1,0.293,0.3,0,TP Hue
2026-09-04 12:00:00,34.3,53,0.1,0.29,0.3,0,TP Hue
2026-09-04 13:00:00,34.8,51,0.1,0.288,0.3,0,TP Hue
2026-09-04 14:00:00,33.7,56,0.3,0.288,0.3,0,TP Hue
2026-09-04 15:00:00,33.0,57,0.2,0.286,0.3,0,TP Hue
2026-09-04 16:00:00,32.5,59,0.0,0.284,0.3,0,TP Hue
2026-09-04 17:00:00,31.3,67,0.0,0.282,0.3,0,TP Hue
2026-09-04 18:00:00,30.1,75,0.0,0.281,0.3,0,TP Hue
2026-09-04 19:00:00,28.1,88,5.2,0.33,0.3,0,TP Hue
2026-09-04 20:00:00,28.0,89,0.0,0.33,0.3,0,TP Hue
2026-09-04 21:00:00,27.9,90,0.0,0.33,0.32,0,TP Hue
2026-09-04 22:00:00,27.6,93,0.0,0.33,0.32,0,TP Hue
2026-09-04 23:00:00,27.0,93,0.0,0.329,0.32,0,TP Hue
2026-09-05 00:00:00,26.7,87,0.0,0.329,0.34,0,TP Hue
2026-09-05 01:00:00,26.1,85,0.0,0.328,0.34,0,TP Hue
2026-09-05 02:00:00,25.5,88,0.0,0.327,0.36,0,TP Hue
2026-09-05 03:00:00,25.4,91,0.0,0.327,0.36,0,TP Hue
2026-09-05 04:00:00,25.3,94,0.0,0.327,0.38,0,TP Hue
2026-09-05 05:00:00,25.3,96,0.0,0.327,0.38,0,TP Hue
2026-09-05 06:00:00,25.4,96,0.0,0.327,0.38,0,TP Hue
2026-09-05 07:00:00,27.0,86,0.0,0.356,0.38,0,TP Hue
2026-09-05 08:00:00,27.9,79,0.0,0.355,0.4,0,TP Hue
2026-09-05 09:00:00,30.1,68,0.0,0.352,0.4,0,TP Hue
2026-09-05 10:00:00,32.1,58,0.0,0.348,0.42,0,TP Hue
2026-09-05 11:00:00,32.7,55,0.0,0.343,0.46,0,TP Hue
2026-09-05 12:00:00,31.6,63,0.4,0.341,0.52,0,TP Hue
2026-09-05 13:00:00,29.6,72,1.2,0.354,0.56,0,TP Hue
2026-09-05 14:00:00,29.5,73,0.5,0.356,0.56,0,TP Hue
2026-09-05 15:00:00,30.1,71,0.2,0.354,0.58,0,TP Hue
2026-09-05 16:00:00,29.6,69,0.5,0.355,0.58,0,TP Hue
2026-09-05 17:00:00,27.0,86,1.3,0.368,0.54,0,TP Hue
2026-09-05 18:00:00,25.8,96,2.9,0.407,0.52,0,TP Hue
2026-09-05 19:00:00,26.2,98,0.2,0.476,0.48,0,TP Hue
2026-09-05 20:00:00,25.8,98,0.0,0.472,0.48,0,TP Hue
2026-09-05 21:00:00,25.7,96,0.3,0.47,0.46,0,TP Hue
2026-09-05 22:00:00,25.6,95,0.2,0.468,0.46,0,TP Hue
2026-09-05 23:00:00,25.5,96,0.2,0.466,0.44,0,TP Hue
2026-09-06 00:00:00,25.6,96,0.1,0.463,0.44,0,TP Hue
2026-09-06 01:00:00,25.4,96,0.0,0.454,0.42,0,TP Hue
2026-09-06 02:00:00,25.1,96,0.0,0.452,0.4,0,TP Hue
2026-09-06 03:00:00,25.0,97,0.1,0.451,0.4,0,TP Hue
2026-09-06 04:00:00,25.1,96,0.0,0.449,0.38,0,TP Hue
2026-09-06 05:00:00,25.2,96,0.0,0.447,0.36,0,TP Hue
2026-09-06 06:00:00,25.6,94,0.0,0.445,0.36,0,TP Hue
2026-09-06 07:00:00,26.3,90,0.0,0.448,0.34,0,TP Hue
2026-09-06 08:00:00,28.2,81,0.0,0.445,0.34,0,TP Hue
2026-09-06 09:00:00,30.0,72,0.0,0.441,0.32,0,TP Hue
2026-09-06 10:00:00,31.2,67,0.0,0.434,0.32,0,TP Hue
2026-09-06 11:00:00,31.9,65,0.0,0.427,0.36,0,TP Hue
2026-09-06 12:00:00,28.6,80,2.3,0.449,0.38,0,TP Hue
2026-09-06 13:00:00,29.0,79,5.4,0.488,0.42,0,TP Hue
2026-09-06 14:00:00,29.0,82,2.1,0.496,0.44,0,TP Hue
2026-09-06 15:00:00,26.9,86,8.1,0.52,0.46,0,TP Hue
2026-09-06 16:00:00,26.9,89,6.3,0.515,0.48,0,TP Hue
2026-09-06 17:00:00,26.9,87,1.6,0.508,0.46,0,TP Hue
2026-09-06 18:00:00,26.4,92,0.6,0.501,0.44,0,TP Hue
2026-09-06 19:00:00,25.8,99,1.2,0.483,0.42,0,TP Hue
2026-09-06 20:00:00,26.0,98,0.1,0.48,0.4,0,TP Hue
2026-09-06 21:00:00,26.0,97,0.0,0.478,0.4,0,TP Hue
2026-09-06 22:00:00,25.9,95,0.0,0.475,0.38,0,TP Hue
2026-09-06 23:00:00,26.0,94,0.0,0.473,0.38,0,TP Hue
2026-09-07 00:00:00,25.9,94,0.2,0.473,0.36,0,TP Hue
2026-09-07 01:00:00,25.7,95,0.7,0.476,0.36,0,TP Hue
2026-09-07 02:00:00,25.5,96,0.1,0.475,0.36,0,TP Hue
2026-09-07 03:00:00,25.3,97,0.0,0.473,0.36,0,TP Hue
2026-09-07 04:00:00,25.2,97,0.0,0.471,0.36,0,TP Hue
2026-09-07 05:00:00,25.2,96,0.0,0.47,0.36,0,TP Hue
2026-09-07 06:00:00,25.3,95,0.0,0.468,0.38,0,TP Hue
2026-09-07 07:00:00,25.7,96,0.0,0.478,0.38,0,TP Hue
2026-09-07 08:00:00,26.8,90,0.2,0.478,0.38,0,TP Hue
2026-09-07 09:00:00,28.8,79,0.0,0.475,0.4,0,TP Hue
2026-09-07 10:00:00,30.4,71,0.1,0.47,0.4,0,TP Hue
2026-09-07 11:00:00,30.7,71,0.1,0.466,0.4,0,TP Hue
2026-09-07 12:00:00,31.0,72,0.3,0.463,0.4,0,TP Hue
2026-09-07 13:00:00,29.9,76,0.7,0.463,0.4,0,TP Hue
2026-09-07 14:00:00,29.5,82,1.8,0.476,0.38,0,TP Hue
2026-09-07 15:00:00,28.6,86,1.7,0.49,0.38,0,TP Hue
2026-09-07 16:00:00,28.6,87,1.7,0.5,0.36,0,TP Hue
2026-09-07 17:00:00,28.1,87,0.4,0.496,0.36,0,TP Hue
2026-09-07 18:00:00,27.4,93,0.3,0.493,0.34,0,TP Hue
2026-09-07 19:00:00,27.1,96,0.0,0.489,0.34,0,TP Hue
2026-09-07 20:00:00,26.8,97,0.0,0.488,0.34,0,TP Hue
2026-09-07 21:00:00,26.6,99,0.0,0.486,0.32,0,TP Hue
2026-09-07 22:00:00,26.5,99,0.0,0.484,0.32,0,TP Hue
2026-09-07 23:00:00,26.4,99,0.0,0.483,0.32,0,TP Hue
2026-08-25 00:00:00,29.6,63,0.0,0.313,0.38,0,Huong Thuy
2026-08-25 01:00:00,29.3,68,0.0,0.305,0.42,0,Huong Thuy
2026-08-25 02:00:00,29.1,69,0.0,0.305,0.4,0,Huong Thuy
2026-08-25 03:00:00,28.6,70,0.0,0.305,0.4,0,Huong Thuy
2026-08-25 04:00:00,28.6,69,0.0,0.305,0.38,0,Huong Thuy
2026-08-25 05:00:00,28.6,69,0.0,0.305,0.38,0,Huong Thuy
2026-08-25 06:00:00,28.8,66,0.0,0.305,0.4,0,Huong Thuy
2026-08-25 07:00:00,30.9,64,0.0,0.311,0.4,0,Huong Thuy
2026-08-25 08:00:00,32.3,54,0.0,0.31,0.4,0,Huong Thuy
2026-08-25 09:00:00,33.2,52,0.0,0.309,0.42,0,Huong Thuy
2026-08-25 10:00:00,34.2,49,0.0,0.307,0.42,0,Huong Thuy
2026-08-25 11:00:00,33.8,50,0.0,0.306,0.42,0,Huong Thuy
2026-08-25 12:00:00,34.2,49,0.0,0.305,0.44,0,Huong Thuy
2026-08-25 13:00:00,35.8,44,0.0,0.313,0.44,0,Huong Thuy
2026-08-25 14:00:00,35.1,46,0.1,0.312,0.46,0,Huong Thuy
2026-08-25 15:00:00,34.4,47,0.0,0.311,0.46,0,Huong Thuy
2026-08-25 16:00:00,33.0,51,0.0,0.31,0.48,0,Huong Thuy
2026-08-25 17:00:00,32.3,54,0.0,0.309,0.48,0,Huong Thuy
2026-08-25 18:00:00,31.2,59,0.0,0.309,0.48,0,Huong Thuy
2026-08-25 19:00:00,31.2,58,0.0,0.296,0.48,0,Huong Thuy
2026-08-25 20:00:00,30.7,59,0.0,0.296,0.48,0,Huong Thuy
2026-08-25 21:00:00,30.4,60,0.0,0.296,0.48,0,Huong Thuy
2026-08-25 22:00:00,29.7,64,0.0,0.296,0.48,0,Huong Thuy
2026-08-25 23:00:00,29.2,67,0.0,0.296,0.48,0,Huong Thuy
2026-08-26 00:00:00,28.4,72,0.0,0.296,0.46,0,Huong Thuy
2026-08-26 01:00:00,27.9,77,0.0,0.28,0.46,0,Huong Thuy
2026-08-26 02:00:00,27.5,78,0.0,0.28,0.44,0,Huong Thuy
2026-08-26 03:00:00,27.5,76,0.0,0.28,0.44,0,Huong Thuy
2026-08-26 04:00:00,27.4,75,0.0,0.28,0.42,0,Huong Thuy
2026-08-26 05:00:00,27.4,75,0.0,0.28,0.4,0,Huong Thuy
2026-08-26 06:00:00,27.6,75,0.0,0.28,0.38,0,Huong Thuy
2026-08-26 07:00:00,30.1,68,0.0,0.292,0.36,0,Huong Thuy
2026-08-26 08:00:00,32.8,52,0.0,0.291,0.34,0,Huong Thuy
2026-08-26 09:00:00,34.1,48,0.0,0.291,0.34,0,Huong Thuy
2026-08-26 10:00:00,35.7,44,0.0,0.29,0.32,0,Huong Thuy
2026-08-26 11:00:00,37.4,41,0.0,0.288,0.32,0,Huong Thuy
2026-08-26 12:00:00,38.8,37,0.0,0.287,0.3,0,Huong Thuy
2026-08-26 13:00:00,39.3,36,0.0,0.287,0.3,0,Huong Thuy
2026-08-26 14:00:00,37.5,42,0.4,0.289,0.3,0,Huong Thuy
2026-08-26 15:00:00,37.4,39,0.1,0.288,0.28,0,Huong Thuy
2026-08-26 16:00:00,36.5,41,0.0,0.288,0.28,0,Huong Thuy
2026-08-26 17:00:00,34.9,48,0.0,0.288,0.3,0,Huong Thuy
2026-08-26 18:00:00,32.8,59,0.0,0.287,0.34,0,Huong Thuy
2026-08-26 19:00:00,32.2,59,0.0,0.291,0.36,0,Huong Thuy
2026-08-26 20:00:00,31.4,67,0.0,0.291,0.36,0,Huong Thuy
2026-08-26 21:00:00,31.0,68,0.0,0.291,0.34,0,Huong Thuy
2026-08-26 22:00:00,30.3,66,0.0,0.29,0.34,0,Huong Thuy
2026-08-26 23:00:00,29.6,68,0.0,0.29,0.32,0,Huong Thuy
2026-08-27 00:00:00,28.7,73,0.0,0.29,0.32,0,Huong Thuy
2026-08-27 01:00:00,28.4,79,0.0,0.299,0.3,0,Huong Thuy
2026-08-27 02:00:00,27.7,83,0.0,0.299,0.28,0,Huong Thuy
2026-08-27 03:00:00,27.2,83,0.0,0.299,0.28,0,Huong Thuy
2026-08-27 04:00:00,27.0,83,0.0,0.299,0.26,0,Huong Thuy
2026-08-27 05:00:00,26.9,83,0.0,0.299,0.26,0,Huong Thuy
2026-08-27 06:00:00,26.8,84,0.0,0.299,0.24,0,Huong Thuy
2026-08-27 07:00:00,29.2,77,0.0,0.291,0.24,0,Huong Thuy
2026-08-27 08:00:00,31.1,67,0.1,0.291,0.24,0,Huong Thuy
2026-08-27 09:00:00,33.9,53,0.0,0.291,0.24,0,Huong Thuy
2026-08-27 10:00:00,35.2,49,0.0,0.29,0.24,0,Huong Thuy
2026-08-27 11:00:00,36.7,43,0.0,0.289,0.26,0,Huong Thuy
2026-08-27 12:00:00,38.1,39,0.0,0.288,0.28,0,Huong Thuy
2026-08-27 13:00:00,38.1,37,0.0,0.29,0.3,0,Huong Thuy
2026-08-27 14:00:00,37.6,38,0.0,0.289,0.32,0,Huong Thuy
2026-08-27 15:00:00,37.6,40,0.0,0.288,0.32,0,Huong Thuy
2026-08-27 16:00:00,35.8,46,0.1,0.288,0.34,0,Huong Thuy
2026-08-27 17:00:00,33.0,67,0.8,0.293,0.36,0,Huong Thuy
2026-08-27 18:00:00,31.9,71,0.0,0.293,0.36,0,Huong Thuy
2026-08-27 19:00:00,31.8,63,0.0,0.295,0.38,0,Huong Thuy
2026-08-27 20:00:00,31.2,70,0.0,0.295,0.36,0,Huong Thuy
2026-08-27 21:00:00,30.7,73,0.0,0.295,0.36,0,Huong Thuy
2026-08-27 22:00:00,30.1,75,0.0,0.295,0.34,0,Huong Thuy
2026-08-27 23:00:00,30.1,71,0.0,0.294,0.32,0,Huong Thuy
2026-08-28 00:00:00,29.6,71,0.0,0.294,0.28,0,Huong Thuy
2026-08-28 01:00:00,29.0,77,0.0,0.3,0.26,0,Huong Thuy
2026-08-28 02:00:00,28.1,81,0.0,0.3,0.26,0,Huong Thuy
2026-08-28 03:00:00,27.8,81,0.0,0.3,0.24,0,Huong Thuy
2026-08-28 04:00:00,27.6,82,0.0,0.3,0.24,0,Huong Thuy
2026-08-28 05:00:00,27.3,83,0.0,0.3,0.24,0,Huong Thuy
2026-08-28 06:00:00,27.4,83,0.0,0.299,0.22,0,Huong Thuy
2026-08-28 07:00:00,30.5,74,0.0,0.284,0.22,0,Huong Thuy
2026-08-28 08:00:00,32.8,55,0.0,0.284,0.22,0,Huong Thuy
2026-08-28 09:00:00,34.1,50,0.0,0.283,0.22,0,Huong Thuy
2026-08-28 10:00:00,35.4,46,0.0,0.282,0.22,0,Huong Thuy
2026-08-28 11:00:00,36.9,41,0.0,0.282,0.22,0,Huong Thuy
2026-08-28 12:00:00,37.9,38,0.0,0.281,0.24,0,Huong Thuy
2026-08-28 13:00:00,35.3,47,0.0,0.278,0.24,0,Huong Thuy
2026-08-28 14:00:00,36.8,40,0.2,0.279,0.24,0,Huong Thuy
2026-08-28 15:00:00,36.8,40,0.2,0.28,0.26,0,Huong Thuy
2026-08-28 16:00:00,36.6,39,0.0,0.28,0.26,0,Huong Thuy
2026-08-28 17:00:00,35.0,43,0.1,0.28,0.26,0,Huong Thuy
2026-08-28 18:00:00,33.1,54,0.0,0.28,0.26,0,Huong Thuy
2026-08-28 19:00:00,32.8,50,0.0,0.258,0.26,0,Huong Thuy
2026-08-28 20:00:00,32.0,51,0.0,0.258,0.26,0,Huong Thuy
2026-08-28 21:00:00,31.6,52,0.0,0.258,0.24,0,Huong Thuy
2026-08-28 22:00:00,31.0,55,0.0,0.258,0.24,0,Huong Thuy
2026-08-28 23:00:00,30.3,59,0.0,0.258,0.24,0,Huong Thuy
2026-08-29 00:00:00,29.6,63,0.0,0.258,0.22,0,Huong Thuy
2026-08-29 01:00:00,29.5,65,0.0,0.265,0.22,0,Huong Thuy
2026-08-29 02:00:00,28.8,70,0.0,0.265,0.22,0,Huong Thuy
2026-08-29 03:00:00,28.0,74,0.0,0.265,0.22,0,Huong Thuy
2026-08-29 04:00:00,27.9,74,0.0,0.265,0.22,0,Huong Thuy
2026-08-29 05:00:00,28.1,72,0.0,0.265,0.22,0,Huong Thuy
2026-08-29 06:00:00,27.9,74,0.0,0.265,0.22,0,Huong Thuy
2026-08-29 07:00:00,31.5,57,0.0,0.245,0.22,0,Huong Thuy
2026-08-29 08:00:00,32.7,51,0.0,0.245,0.22,0,Huong Thuy
2026-08-29 09:00:00,34.3,47,0.0,0.245,0.2,0,Huong Thuy
2026-08-29 10:00:00,35.6,44,0.0,0.245,0.2,0,Huong Thuy
2026-08-29 11:00:00,37.6,38,0.0,0.245,0.22,0,Huong Thuy
2026-08-29 12:00:00,38.7,35,0.0,0.245,0.24,0,Huong Thuy
2026-08-29 13:00:00,38.5,37,0.3,0.26,0.26,0,Huong Thuy
2026-08-29 14:00:00,36.9,40,0.6,0.264,0.3,0,Huong Thuy
2026-08-29 15:00:00,35.9,44,0.2,0.266,0.34,0,Huong Thuy
2026-08-29 16:00:00,36.4,41,0.0,0.266,0.38,0,Huong Thuy
2026-08-29 17:00:00,35.7,42,0.0,0.265,0.36,0,Huong Thuy
2026-08-29 18:00:00,33.7,49,0.0,0.265,0.34,0,Huong Thuy
2026-08-29 19:00:00,33.2,49,0.0,0.221,0.32,0,Huong Thuy
2026-08-29 20:00:00,31.9,53,0.0,0.221,0.3,0,Huong Thuy
2026-08-29 21:00:00,31.7,54,0.0,0.221,0.28,0,Huong Thuy
2026-08-29 22:00:00,31.5,55,0.0,0.221,0.26,0,Huong Thuy
2026-08-29 23:00:00,31.0,57,0.0,0.221,0.26,0,Huong Thuy
2026-08-30 00:00:00,30.3,61,0.0,0.221,0.26,0,Huong Thuy
2026-08-30 01:00:00,30.8,59,0.0,0.199,0.26,0,Huong Thuy
2026-08-30 02:00:00,30.1,64,0.0,0.199,0.28,0,Huong Thuy
2026-08-30 03:00:00,29.4,66,0.0,0.199,0.28,0,Huong Thuy
2026-08-30 04:00:00,28.9,67,0.0,0.199,0.3,0,Huong Thuy
2026-08-30 05:00:00,28.5,69,0.0,0.199,0.32,0,Huong Thuy
2026-08-30 06:00:00,28.3,70,0.0,0.199,0.32,0,Huong Thuy
2026-08-30 07:00:00,29.3,69,0.0,0.162,0.34,0,Huong Thuy
2026-08-30 08:00:00,31.1,60,0.0,0.162,0.36,0,Huong Thuy
2026-08-30 09:00:00,31.7,57,0.0,0.162,0.4,0,Huong Thuy
2026-08-30 10:00:00,33.1,51,0.0,0.162,0.42,0,Huong Thuy
2026-08-30 11:00:00,33.9,49,0.0,0.162,0.46,0,Huong Thuy
2026-08-30 12:00:00,33.8,49,0.0,0.162,0.48,0,Huong Thuy
2026-08-30 13:00:00,33.9,47,0.0,0.136,0.52,0,Huong Thuy
2026-08-30 14:00:00,33.6,48,0.0,0.136,0.5,0,Huong Thuy
2026-08-30 15:00:00,33.4,47,0.0,0.136,0.5,0,Huong Thuy
2026-08-30 16:00:00,33.3,47,0.0,0.136,0.48,0,Huong Thuy
2026-08-30 17:00:00,32.4,49,0.0,0.136,0.46,0,Huong Thuy
2026-08-30 18:00:00,31.4,52,0.0,0.136,0.42,0,Huong Thuy
2026-08-30 19:00:00,30.9,59,0.0,0.155,0.4,0,Huong Thuy
2026-08-30 20:00:00,30.4,62,0.0,0.155,0.38,0,Huong Thuy
2026-08-30 21:00:00,30.1,62,0.0,0.155,0.38,0,Huong Thuy
2026-08-30 22:00:00,29.5,65,0.0,0.155,0.36,0,Huong Thuy
2026-08-30 23:00:00,29.1,69,0.0,0.155,0.38,0,Huong Thuy
2026-08-31 00:00:00,28.4,74,0.0,0.155,0.38,0,Huong Thuy
2026-08-31 01:00:00,28.0,77,0.3,0.157,0.4,0,Huong Thuy
2026-08-31 02:00:00,28.1,71,0.0,0.158,0.4,0,Huong Thuy
2026-08-31 03:00:00,28.5,68,0.0,0.158,0.42,0,Huong Thuy
2026-08-31 04:00:00,28.0,71,0.0,0.158,0.42,0,Huong Thuy
2026-08-31 05:00:00,28.0,72,0.0,0.158,0.42,0,Huong Thuy
2026-08-31 06:00:00,27.7,74,0.1,0.158,0.44,0,Huong Thuy
2026-08-31 07:00:00,25.4,91,0.0,0.17,0.44,0,Huong Thuy
2026-08-31 08:00:00,25.3,96,3.5,0.213,0.46,0,Huong Thuy
2026-08-31 09:00:00,25.7,97,7.4,0.315,0.5,0,Huong Thuy
2026-08-31 10:00:00,28.6,87,0.0,0.315,0.52,0,Huong Thuy
2026-08-31 11:00:00,32.9,57,0.0,0.314,0.58,0,Huong Thuy
2026-08-31 12:00:00,34.6,46,0.0,0.312,0.66,0,Huong Thuy
2026-08-31 13:00:00,30.4,65,0.0,0.327,0.72,0,Huong Thuy
2026-08-31 14:00:00,31.4,57,0.0,0.326,0.72,0,Huong Thuy
2026-08-31 15:00:00,31.9,53,0.0,0.325,0.72,0,Huong Thuy
2026-08-31 16:00:00,30.8,56,0.0,0.324,0.72,0,Huong Thuy
2026-08-31 17:00:00,30.1,58,0.0,0.324,0.7,0,Huong Thuy
2026-08-31 18:00:00,29.6,60,0.0,0.323,0.68,0,Huong Thuy
2026-08-31 19:00:00,28.8,70,0.0,0.119,0.66,0,Huong Thuy
2026-08-31 20:00:00,28.2,74,0.0,0.119,0.6,0,Huong Thuy
2026-08-31 21:00:00,27.6,77,0.2,0.12,0.54,0,Huong Thuy
2026-08-31 22:00:00,26.6,79,0.3,0.122,0.48,0,Huong Thuy
2026-08-31 23:00:00,25.1,86,0.2,0.124,0.48,0,Huong Thuy
2026-09-01 00:00:00,24.6,92,0.5,0.128,0.48,0,Huong Thuy
2026-09-01 01:00:00,25.5,93,0.4,0.123,0.48,0,Huong Thuy
2026-09-01 02:00:00,25.0,98,0.8,0.131,0.5,0,Huong Thuy
2026-09-01 03:00:00,25.0,98,0.6,0.139,0.5,0,Huong Thuy
2026-09-01 04:00:00,24.7,97,3.1,0.183,0.52,0,Huong Thuy
2026-09-01 05:00:00,24.4,96,7.0,0.282,0.56,0,Huong Thuy
2026-09-01 06:00:00,24.4,99,6.3,0.37,0.62,0,Huong Thuy
2026-09-01 07:00:00,24.3,97,6.6,0.511,0.66,0,Huong Thuy
2026-09-01 08:00:00,24.8,96,2.2,0.508,0.6,0,Huong Thuy
2026-09-01 09:00:00,25.2,95,1.6,0.506,0.54,0,Huong Thuy
2026-09-01 10:00:00,25.4,96,1.0,0.5,0.48,0,Huong Thuy
2026-09-01 11:00:00,26.0,95,0.5,0.493,0.48,0,Huong Thuy
2026-09-01 12:00:00,26.9,91,0.3,0.488,0.48,0,Huong Thuy
2026-09-01 13:00:00,28.8,79,0.2,0.476,0.48,0,Huong Thuy
2026-09-01 14:00:00,30.2,67,0.1,0.471,0.48,0,Huong Thuy
2026-09-01 15:00:00,30.6,65,0.0,0.466,0.46,0,Huong Thuy
2026-09-01 16:00:00,29.8,70,0.0,0.463,0.46,0,Huong Thuy
2026-09-01 17:00:00,29.5,71,0.0,0.46,0.44,0,Huong Thuy
2026-09-01 18:00:00,28.4,76,0.0,0.458,0.42,0,Huong Thuy
2026-09-01 19:00:00,27.1,89,0.0,0.465,0.4,0,Huong Thuy
2026-09-01 20:00:00,26.6,90,0.0,0.463,0.4,0,Huong Thuy
2026-09-01 21:00:00,26.5,90,0.0,0.462,0.4,0,Huong Thuy
2026-09-01 22:00:00,26.2,90,0.0,0.46,0.4,0,Huong Thuy
2026-09-01 23:00:00,26.2,86,0.0,0.459,0.42,0,Huong Thuy
2026-09-02 00:00:00,26.0,84,0.0,0.458,0.44,0,Huong Thuy
2026-09-02 01:00:00,26.2,83,0.0,0.454,0.46,0,Huong Thuy
2026-09-02 02:00:00,26.3,81,0.0,0.453,0.46,0,Huong Thuy
2026-09-02 03:00:00,26.2,79,0.0,0.452,0.48,0,Huong Thuy
2026-09-02 04:00:00,25.7,81,0.0,0.451,0.48,0,Huong Thuy
2026-09-02 05:00:00,25.4,81,0.0,0.45,0.48,0,Huong Thuy
2026-09-02 06:00:00,25.6,81,0.0,0.449,0.48,0,Huong Thuy
2026-09-02 07:00:00,28.7,70,0.0,0.423,0.48,0,Huong Thuy
2026-09-02 08:00:00,30.9,64,0.0,0.422,0.48,0,Huong Thuy
2026-09-02 09:00:00,32.9,57,0.0,0.419,0.46,0,Huong Thuy
2026-09-02 10:00:00,34.5,48,0.0,0.416,0.46,0,Huong Thuy
2026-09-02 11:00:00,35.2,44,0.1,0.413,0.46,0,Huong Thuy
2026-09-02 12:00:00,35.2,43,0.1,0.409,0.48,0,Huong Thuy
2026-09-02 13:00:00,35.8,37,0.1,0.404,0.48,0,Huong Thuy
2026-09-02 14:00:00,35.6,37,0.0,0.4,0.5,0,Huong Thuy
2026-09-02 15:00:00,34.9,40,0.0,0.397,0.52,0,Huong Thuy
2026-09-02 16:00:00,33.9,45,0.0,0.395,0.54,0,Huong Thuy
2026-09-02 17:00:00,31.9,57,0.0,0.393,0.5,0,Huong Thuy
2026-09-02 18:00:00,29.9,72,0.0,0.393,0.44,0,Huong Thuy
2026-09-02 19:00:00,29.2,70,0.0,0.389,0.4,0,Huong Thuy
2026-09-02 20:00:00,28.4,73,0.0,0.389,0.4,0,Huong Thuy
2026-09-02 21:00:00,27.8,78,0.0,0.389,0.38,0,Huong Thuy
2026-09-02 22:00:00,27.4,81,0.0,0.389,0.38,0,Huong Thuy
2026-09-02 23:00:00,26.7,84,0.0,0.389,0.4,0,Huong Thuy
2026-09-03 00:00:00,26.3,83,0.0,0.389,0.4,0,Huong Thuy
2026-09-03 01:00:00,26.7,81,0.0,0.379,0.42,0,Huong Thuy
2026-09-03 02:00:00,26.0,86,0.0,0.379,0.42,0,Huong Thuy
2026-09-03 03:00:00,25.4,89,0.0,0.379,0.42,0,Huong Thuy
2026-09-03 04:00:00,25.1,90,0.0,0.379,0.42,0,Huong Thuy
2026-09-03 05:00:00,24.8,90,0.0,0.379,0.4,0,Huong Thuy
2026-09-03 06:00:00,24.9,89,0.0,0.379,0.38,0,Huong Thuy
2026-09-03 07:00:00,28.2,77,0.0,0.38,0.36,0,Huong Thuy
2026-09-03 08:00:00,31.4,62,0.0,0.379,0.34,0,Huong Thuy
2026-09-03 09:00:00,33.5,48,0.0,0.377,0.34,0,Huong Thuy
2026-09-03 10:00:00,34.4,43,0.0,0.374,0.32,0,Huong Thuy
2026-09-03 11:00:00,34.9,43,0.1,0.372,0.34,0,Huong Thuy
2026-09-03 12:00:00,35.6,41,0.0,0.369,0.34,0,Huong Thuy
2026-09-03 13:00:00,35.6,41,0.0,0.365,0.36,0,Huong Thuy
2026-09-03 14:00:00,35.4,41,0.0,0.363,0.36,0,Huong Thuy
2026-09-03 15:00:00,33.9,48,0.3,0.362,0.36,0,Huong Thuy
2026-09-03 16:00:00,33.2,50,0.2,0.362,0.36,0,Huong Thuy
2026-09-03 17:00:00,31.7,55,0.0,0.36,0.34,0,Huong Thuy
2026-09-03 18:00:00,30.1,67,0.0,0.36,0.32,0,Huong Thuy
2026-09-03 19:00:00,29.2,72,0.0,0.369,0.3,0,Huong Thuy
2026-09-03 20:00:00,28.1,80,0.0,0.369,0.28,0,Huong Thuy
2026-09-03 21:00:00,27.5,85,0.0,0.369,0.28,0,Huong Thuy
2026-09-03 22:00:00,26.8,90,0.0,0.369,0.26,0,Huong Thuy
2026-09-03 23:00:00,26.1,94,0.0,0.369,0.24,0,Huong Thuy
2026-09-04 00:00:00,25.7,96,0.0,0.369,0.24,0,Huong Thuy
2026-09-04 01:00:00,26.3,92,0.0,0.367,0.22,0,Huong Thuy
2026-09-04 02:00:00,25.7,93,0.0,0.367,0.22,0,Huong Thuy
2026-09-04 03:00:00,25.2,94,0.0,0.367,0.22,0,Huong Thuy
2026-09-04 04:00:00,25.0,93,0.0,0.367,0.22,0,Huong Thuy
2026-09-04 05:00:00,24.9,91,0.0,0.367,0.22,0,Huong Thuy
2026-09-04 06:00:00,24.8,89,0.0,0.367,0.24,0,Huong Thuy
2026-09-04 07:00:00,27.7,79,0.0,0.359,0.24,0,Huong Thuy
2026-09-04 08:00:00,30.8,65,0.0,0.358,0.24,0,Huong Thuy
2026-09-04 09:00:00,33.0,55,0.0,0.356,0.24,0,Huong Thuy
2026-09-04 10:00:00,34.6,48,0.0,0.354,0.24,0,Huong Thuy
2026-09-04 11:00:00,35.3,44,0.0,0.352,0.24,0,Huong Thuy
2026-09-04 12:00:00,34.9,46,0.1,0.35,0.22,0,Huong Thuy
2026-09-04 13:00:00,35.2,45,0.2,0.349,0.22,0,Huong Thuy
2026-09-04 14:00:00,34.3,51,0.2,0.348,0.22,0,Huong Thuy
2026-09-04 15:00:00,33.8,51,0.2,0.347,0.22,0,Huong Thuy
2026-09-04 16:00:00,32.7,54,0.1,0.346,0.22,0,Huong Thuy
2026-09-04 17:00:00,31.4,59,0.0,0.345,0.22,0,Huong Thuy
2026-09-04 18:00:00,30.1,67,0.0,0.345,0.22,0,Huong Thuy
2026-09-04 19:00:00,28.0,87,0.2,0.375,0.22,0,Huong Thuy
2026-09-04 20:00:00,27.6,93,0.1,0.375,0.22,0,Huong Thuy
2026-09-04 21:00:00,27.4,94,0.0,0.375,0.24,0,Huong Thuy
2026-09-04 22:00:00,27.4,94,0.0,0.375,0.24,0,Huong Thuy
2026-09-04 23:00:00,27.0,95,0.0,0.375,0.24,0,Huong Thuy
2026-09-05 00:00:00,26.9,95,0.0,0.375,0.26,0,Huong Thuy
2026-09-05 01:00:00,26.3,96,0.0,0.378,0.26,0,Huong Thuy
2026-09-05 02:00:00,25.9,98,0.0,0.378,0.28,0,Huong Thuy
2026-09-05 03:00:00,25.7,99,0.0,0.378,0.28,0,Huong Thuy
2026-09-05 04:00:00,25.7,99,0.0,0.378,0.3,0,Huong Thuy
2026-09-05 05:00:00,25.7,98,0.0,0.378,0.3,0,Huong Thuy
2026-09-05 06:00:00,25.9,98,0.0,0.378,0.3,0,Huong Thuy
2026-09-05 07:00:00,26.0,95,0.0,0.432,0.3,0,Huong Thuy
2026-09-05 08:00:00,28.1,85,0.0,0.43,0.3,0,Huong Thuy
2026-09-05 09:00:00,30.5,69,0.0,0.428,0.32,0,Huong Thuy
2026-09-05 10:00:00,32.6,57,0.0,0.425,0.32,0,Huong Thuy
2026-09-05 11:00:00,33.5,53,0.1,0.422,0.36,0,Huong Thuy
2026-09-05 12:00:00,32.6,56,0.4,0.421,0.38,0,Huong Thuy
2026-09-05 13:00:00,29.6,73,1.5,0.425,0.42,0,Huong Thuy
2026-09-05 14:00:00,29.5,73,0.3,0.425,0.44,0,Huong Thuy
2026-09-05 15:00:00,28.6,82,0.8,0.429,0.44,0,Huong Thuy
2026-09-05 16:00:00,28.6,79,0.5,0.431,0.46,0,Huong Thuy
2026-09-05 17:00:00,27.7,90,0.7,0.436,0.44,0,Huong Thuy
2026-09-05 18:00:00,26.5,95,1.9,0.456,0.42,0,Huong Thuy
2026-09-05 19:00:00,25.7,99,1.4,0.489,0.4,0,Huong Thuy
2026-09-05 20:00:00,25.5,98,0.0,0.486,0.38,0,Huong Thuy
2026-09-05 21:00:00,25.6,98,0.0,0.483,0.38,0,Huong Thuy
2026-09-05 22:00:00,25.4,99,0.0,0.481,0.36,0,Huong Thuy
2026-09-05 23:00:00,25.2,98,0.0,0.479,0.34,0,Huong Thuy
2026-09-06 00:00:00,25.0,98,0.0,0.477,0.34,0,Huong Thuy
2026-09-06 01:00:00,24.5,98,0.0,0.472,0.32,0,Huong Thuy
2026-09-06 02:00:00,24.4,99,0.1,0.471,0.32,0,Huong Thuy
2026-09-06 03:00:00,24.4,99,0.0,0.47,0.3,0,Huong Thuy
2026-09-06 04:00:00,24.4,99,0.0,0.469,0.3,0,Huong Thuy
2026-09-06 05:00:00,24.4,99,0.0,0.468,0.28,0,Huong Thuy
2026-09-06 06:00:00,24.6,99,0.0,0.467,0.28,0,Huong Thuy
2026-09-06 07:00:00,26.7,93,0.0,0.454,0.26,0,Huong Thuy
2026-09-06 08:00:00,28.7,81,0.0,0.453,0.26,0,Huong Thuy
2026-09-06 09:00:00,30.5,70,0.0,0.451,0.24,0,Huong Thuy
2026-09-06 10:00:00,32.1,61,0.0,0.448,0.24,0,Huong Thuy
2026-09-06 11:00:00,32.8,60,0.1,0.446,0.26,0,Huong Thuy
2026-09-06 12:00:00,28.7,83,3.1,0.476,0.28,0,Huong Thuy
2026-09-06 13:00:00,28.7,84,4.0,0.487,0.3,0,Huong Thuy
2026-09-06 14:00:00,28.3,90,1.9,0.497,0.32,0,Huong Thuy
2026-09-06 15:00:00,28.3,91,1.7,0.504,0.36,0,Huong Thuy
2026-09-06 16:00:00,25.9,94,10.3,0.52,0.38,0,Huong Thuy
2026-09-06 17:00:00,25.4,97,3.8,0.514,0.36,0,Huong Thuy
2026-09-06 18:00:00,24.9,99,1.5,0.514,0.36,0,Huong Thuy
2026-09-06 19:00:00,24.9,98,0.4,0.5,0.34,0,Huong Thuy
2026-09-06 20:00:00,25.0,99,0.1,0.5,0.32,0,Huong Thuy
2026-09-06 21:00:00,25.0,99,0.0,0.499,0.32,0,Huong Thuy
2026-09-06 22:00:00,25.2,98,0.0,0.498,0.3,0,Huong Thuy
2026-09-06 23:00:00,25.2,99,0.2,0.499,0.28,0,Huong Thuy
2026-09-07 00:00:00,25.1,99,0.3,0.501,0.28,0,Huong Thuy
2026-09-07 01:00:00,25.3,99,0.6,0.497,0.26,0,Huong Thuy
2026-09-07 02:00:00,25.3,100,0.0,0.496,0.26,0,Huong Thuy
2026-09-07 03:00:00,25.1,100,0.0,0.495,0.26,0,Huong Thuy
2026-09-07 04:00:00,25.1,100,0.0,0.494,0.26,0,Huong Thuy
2026-09-07 05:00:00,24.9,99,0.0,0.493,0.26,0,Huong Thuy
2026-09-07 06:00:00,25.0,99,0.0,0.492,0.28,0,Huong Thuy
2026-09-07 07:00:00,26.2,97,0.0,0.498,0.28,0,Huong Thuy
2026-09-07 08:00:00,27.3,92,0.1,0.498,0.28,0,Huong Thuy
2026-09-07 09:00:00,28.9,81,0.2,0.497,0.3,0,Huong Thuy
2026-09-07 10:00:00,30.8,71,0.1,0.494,0.3,0,Huong Thuy
2026-09-07 11:00:00,32.5,64,0.1,0.492,0.3,0,Huong Thuy
2026-09-07 12:00:00,29.2,84,4.8,0.52,0.3,0,Huong Thuy
2026-09-07 13:00:00,29.2,81,4.7,0.514,0.3,0,Huong Thuy
2026-09-07 14:00:00,27.8,93,2.8,0.513,0.28,0,Huong Thuy
2026-09-07 15:00:00,28.9,85,1.3,0.516,0.28,0,Huong Thuy
2026-09-07 16:00:00,28.0,94,2.1,0.508,0.26,0,Huong Thuy
2026-09-07 17:00:00,28.4,94,0.5,0.509,0.26,0,Huong Thuy
2026-09-07 18:00:00,26.9,99,0.7,0.512,0.26,0,Huong Thuy
2026-09-07 19:00:00,26.8,97,0.0,0.494,0.26,0,Huong Thuy
2026-09-07 20:00:00,26.6,97,0.1,0.493,0.24,0,Huong Thuy
2026-09-07 21:00:00,26.4,98,0.0,0.493,0.24,0,Huong Thuy
2026-09-07 22:00:00,26.2,99,0.0,0.492,0.22,0,Huong Thuy
2026-09-07 23:00:00,26.0,100,0.0,0.491,0.22,0,Huong Thuy
2026-08-25 00:00:00,30.8,62,0.0,0.0,0.54,0,Phu Vang
2026-08-25 01:00:00,31.0,63,0.0,0.0,0.58,0,Phu Vang
2026-08-25 02:00:00,30.6,65,0.0,0.0,0.56,0,Phu Vang
2026-08-25 03:00:00,30.3,66,0.0,0.0,0.54,0,Phu Vang
2026-08-25 04:00:00,30.0,66,0.0,0.0,0.52,0,Phu Vang
2026-08-25 05:00:00,29.9,67,0.0,0.0,0.52,0,Phu Vang
2026-08-25 06:00:00,30.0,67,0.0,0.0,0.52,0,Phu Vang
2026-08-25 07:00:00,31.0,64,0.0,0.0,0.52,0,Phu Vang
2026-08-25 08:00:00,31.9,62,0.0,0.0,0.54,0,Phu Vang
2026-08-25 09:00:00,32.4,61,0.0,0.0,0.56,0,Phu Vang
2026-08-25 10:00:00,32.7,60,0.1,0.0,0.58,0,Phu Vang
2026-08-25 11:00:00,33.3,56,0.0,0.0,0.6,0,Phu Vang
2026-08-25 12:00:00,33.5,56,0.0,0.0,0.6,0,Phu Vang
2026-08-25 13:00:00,33.7,55,0.0,0.0,0.62,0,Phu Vang
2026-08-25 14:00:00,33.7,54,0.1,0.0,0.62,0,Phu Vang
2026-08-25 15:00:00,33.2,56,0.0,0.0,0.64,0,Phu Vang
2026-08-25 16:00:00,32.9,57,0.0,0.0,0.64,0,Phu Vang
2026-08-25 17:00:00,32.5,59,0.0,0.0,0.64,0,Phu Vang
2026-08-25 18:00:00,32.1,61,0.0,0.0,0.64,0,Phu Vang
2026-08-25 19:00:00,32.1,65,0.0,0.0,0.64,0,Phu Vang
2026-08-25 20:00:00,31.8,60,0.0,0.0,0.64,0,Phu Vang
2026-08-25 21:00:00,31.3,63,0.1,0.0,0.62,0,Phu Vang
2026-08-25 22:00:00,31.2,62,0.0,0.0,0.62,0,Phu Vang
2026-08-25 23:00:00,31.2,60,0.0,0.0,0.6,0,Phu Vang
2026-08-26 00:00:00,30.8,62,0.0,0.0,0.6,0,Phu Vang
2026-08-26 01:00:00,30.3,67,0.0,0.0,0.58,0,Phu Vang
2026-08-26 02:00:00,30.1,66,0.0,0.0,0.56,0,Phu Vang
2026-08-26 03:00:00,30.1,65,0.0,0.0,0.56,0,Phu Vang
2026-08-26 04:00:00,29.8,66,0.0,0.0,0.54,0,Phu Vang
2026-08-26 05:00:00,29.4,70,0.0,0.0,0.52,0,Phu Vang
2026-08-26 06:00:00,29.4,70,0.0,0.0,0.5,0,Phu Vang
2026-08-26 07:00:00,30.2,68,0.0,0.0,0.48,0,Phu Vang
2026-08-26 08:00:00,32.0,60,0.0,0.0,0.46,0,Phu Vang
2026-08-26 09:00:00,32.4,62,0.0,0.0,0.44,0,Phu Vang
2026-08-26 10:00:00,32.7,64,0.0,0.0,0.42,0,Phu Vang
2026-08-26 11:00:00,32.8,66,0.0,0.0,0.4,0,Phu Vang
2026-08-26 12:00:00,32.2,74,0.0,0.0,0.4,0,Phu Vang
2026-08-26 13:00:00,32.1,73,0.0,0.0,0.38,0,Phu Vang
2026-08-26 14:00:00,31.5,72,0.2,0.0,0.4,0,Phu Vang
2026-08-26 15:00:00,31.6,69,0.2,0.0,0.4,0,Phu Vang
2026-08-26 16:00:00,31.4,73,0.3,0.0,0.42,0,Phu Vang
2026-08-26 17:00:00,31.2,76,0.1,0.0,0.44,0,Phu Vang
2026-08-26 18:00:00,31.1,77,0.0,0.0,0.46,0,Phu Vang
2026-08-26 19:00:00,31.1,79,0.0,0.0,0.48,0,Phu Vang
2026-08-26 20:00:00,31.5,73,0.0,0.0,0.48,0,Phu Vang
2026-08-26 21:00:00,31.5,72,0.0,0.0,0.48,0,Phu Vang
2026-08-26 22:00:00,31.5,72,0.0,0.0,0.48,0,Phu Vang
2026-08-26 23:00:00,31.5,68,0.0,0.0,0.46,0,Phu Vang
2026-08-27 00:00:00,31.2,63,0.0,0.0,0.44,0,Phu Vang
2026-08-27 01:00:00,31.0,64,0.0,0.0,0.42,0,Phu Vang
2026-08-27 02:00:00,30.2,68,0.0,0.0,0.4,0,Phu Vang
2026-08-27 03:00:00,29.3,74,0.0,0.0,0.4,0,Phu Vang
2026-08-27 04:00:00,28.9,76,0.0,0.0,0.38,0,Phu Vang
2026-08-27 05:00:00,28.7,78,0.0,0.0,0.36,0,Phu Vang
2026-08-27 06:00:00,28.6,78,0.0,0.0,0.34,0,Phu Vang
2026-08-27 07:00:00,30.0,72,0.0,0.0,0.32,0,Phu Vang
2026-08-27 08:00:00,31.7,62,0.0,0.0,0.32,0,Phu Vang
2026-08-27 09:00:00,32.8,61,0.0,0.0,0.34,0,Phu Vang
2026-08-27 10:00:00,33.7,59,0.0,0.0,0.34,0,Phu Vang
2026-08-27 11:00:00,33.9,61,0.0,0.0,0.36,0,Phu Vang
2026-08-27 12:00:00,34.1,61,0.0,0.0,0.4,0,Phu Vang
2026-08-27 13:00:00,34.7,57,0.1,0.0,0.42,0,Phu Vang
2026-08-27 14:00:00,32.9,70,0.0,0.0,0.42,0,Phu Vang
2026-08-27 15:00:00,31.5,77,0.1,0.0,0.4,0,Phu Vang
2026-08-27 16:00:00,31.4,73,0.3,0.0,0.4,0,Phu Vang
2026-08-27 17:00:00,31.7,73,0.1,0.0,0.42,0,Phu Vang
2026-08-27 18:00:00,31.6,73,0.0,0.0,0.46,0,Phu Vang
2026-08-27 19:00:00,31.6,75,0.0,0.0,0.48,0,Phu Vang
2026-08-27 20:00:00,31.5,75,0.0,0.0,0.48,0,Phu Vang
2026-08-27 21:00:00,31.5,76,0.0,0.0,0.46,0,Phu Vang
2026-08-27 22:00:00,31.3,76,0.0,0.0,0.46,0,Phu Vang
2026-08-27 23:00:00,31.2,74,0.0,0.0,0.44,0,Phu Vang
2026-08-28 00:00:00,31.3,68,0.0,0.0,0.4,0,Phu Vang
2026-08-28 01:00:00,31.1,71,0.0,0.0,0.38,0,Phu Vang
2026-08-28 02:00:00,30.6,69,0.0,0.0,0.36,0,Phu Vang
2026-08-28 03:00:00,30.0,70,0.0,0.0,0.34,0,Phu Vang
2026-08-28 04:00:00,29.6,73,0.0,0.0,0.32,0,Phu Vang
2026-08-28 05:00:00,29.1,78,0.0,0.0,0.32,0,Phu Vang
2026-08-28 06:00:00,29.0,80,0.0,0.0,0.3,0,Phu Vang
2026-08-28 07:00:00,30.2,72,0.0,0.0,0.3,0,Phu Vang
2026-08-28 08:00:00,31.6,65,0.0,0.0,0.3,0,Phu Vang
2026-08-28 09:00:00,32.3,65,0.0,0.0,0.3,0,Phu Vang
2026-08-28 10:00:00,32.7,65,0.0,0.0,0.3,0,Phu Vang
2026-08-28 11:00:00,32.6,68,0.0,0.0,0.32,0,Phu Vang
2026-08-28 12:00:00,32.2,79,0.0,0.0,0.32,0,Phu Vang
2026-08-28 13:00:00,32.7,70,0.0,0.0,0.34,0,Phu Vang
2026-08-28 14:00:00,33.5,64,0.4,0.0,0.34,0,Phu Vang
2026-08-28 15:00:00,34.1,57,0.1,0.0,0.36,0,Phu Vang
2026-08-28 16:00:00,33.2,64,0.0,0.0,0.36,0,Phu Vang
2026-08-28 17:00:00,32.1,71,0.0,0.0,0.36,0,Phu Vang
2026-08-28 18:00:00,31.5,73,0.1,0.0,0.34,0,Phu Vang
2026-08-28 19:00:00,31.7,80,0.0,0.0,0.34,0,Phu Vang
2026-08-28 20:00:00,31.8,75,0.1,0.0,0.34,0,Phu Vang
2026-08-28 21:00:00,32.1,60,0.0,0.0,0.34,0,Phu Vang
2026-08-28 22:00:00,31.6,60,0.0,0.0,0.34,0,Phu Vang
2026-08-28 23:00:00,31.2,61,0.0,0.0,0.32,0,Phu Vang
2026-08-29 00:00:00,31.3,59,0.0,0.0,0.32,0,Phu Vang
2026-08-29 01:00:00,31.4,60,0.0,0.0,0.3,0,Phu Vang
2026-08-29 02:00:00,30.7,63,0.0,0.0,0.3,0,Phu Vang
2026-08-29 03:00:00,30.2,68,0.0,0.0,0.28,0,Phu Vang
2026-08-29 04:00:00,29.9,68,0.0,0.0,0.28,0,Phu Vang
2026-08-29 05:00:00,30.0,66,0.0,0.0,0.28,0,Phu Vang
2026-08-29 06:00:00,30.1,65,0.0,0.0,0.28,0,Phu Vang
2026-08-29 07:00:00,31.3,60,0.0,0.0,0.28,0,Phu Vang
2026-08-29 08:00:00,32.0,57,0.0,0.0,0.28,0,Phu Vang
2026-08-29 09:00:00,32.2,58,0.0,0.0,0.26,0,Phu Vang
2026-08-29 10:00:00,32.4,67,0.0,0.0,0.26,0,Phu Vang
2026-08-29 11:00:00,33.4,62,0.0,0.0,0.32,0,Phu Vang
2026-08-29 12:00:00,34.4,57,0.0,0.0,0.36,0,Phu Vang
2026-08-29 13:00:00,35.2,49,0.4,0.0,0.42,0,Phu Vang
2026-08-29 14:00:00,34.2,54,0.8,0.0,0.46,0,Phu Vang
2026-08-29 15:00:00,34.4,53,0.0,0.0,0.48,0,Phu Vang
2026-08-29 16:00:00,34.4,54,0.0,0.0,0.52,0,Phu Vang
2026-08-29 17:00:00,34.3,55,0.0,0.0,0.48,0,Phu Vang
2026-08-29 18:00:00,33.9,58,0.0,0.0,0.46,0,Phu Vang
2026-08-29 19:00:00,33.6,57,0.0,0.0,0.42,0,Phu Vang
2026-08-29 20:00:00,33.0,55,0.0,0.0,0.4,0,Phu Vang
2026-08-29 21:00:00,32.2,58,0.0,0.0,0.36,0,Phu Vang
2026-08-29 22:00:00,32.1,58,0.0,0.0,0.34,0,Phu Vang
2026-08-29 23:00:00,31.9,59,0.0,0.0,0.34,0,Phu Vang
2026-08-30 00:00:00,31.6,59,0.0,0.0,0.36,0,Phu Vang
2026-08-30 01:00:00,32.2,57,0.0,0.0,0.36,0,Phu Vang
2026-08-30 02:00:00,31.5,60,0.0,0.0,0.38,0,Phu Vang
2026-08-30 03:00:00,30.1,68,0.1,0.0,0.38,0,Phu Vang
2026-08-30 04:00:00,29.6,73,0.0,0.0,0.4,0,Phu Vang
2026-08-30 05:00:00,29.4,73,0.0,0.0,0.42,0,Phu Vang
2026-08-30 06:00:00,29.5,74,0.0,0.0,0.46,0,Phu Vang
2026-08-30 07:00:00,28.6,80,0.0,0.0,0.48,0,Phu Vang
2026-08-30 08:00:00,29.8,73,0.1,0.0,0.52,0,Phu Vang
2026-08-30 09:00:00,30.6,67,0.0,0.0,0.54,0,Phu Vang
2026-08-30 10:00:00,31.4,62,0.0,0.0,0.58,0,Phu Vang
2026-08-30 11:00:00,31.7,62,0.0,0.0,0.6,0,Phu Vang
2026-08-30 12:00:00,31.8,62,0.0,0.0,0.64,0,Phu Vang
2026-08-30 13:00:00,32.4,59,0.0,0.0,0.66,0,Phu Vang
2026-08-30 14:00:00,32.0,59,0.0,0.0,0.64,0,Phu Vang
2026-08-30 15:00:00,32.0,58,0.0,0.0,0.64,0,Phu Vang
2026-08-30 16:00:00,32.0,57,0.0,0.0,0.62,0,Phu Vang
2026-08-30 17:00:00,31.9,57,0.0,0.0,0.58,0,Phu Vang
2026-08-30 18:00:00,31.7,56,0.0,0.0,0.56,0,Phu Vang
2026-08-30 19:00:00,31.1,63,0.0,0.0,0.52,0,Phu Vang
2026-08-30 20:00:00,30.8,65,0.0,0.0,0.52,0,Phu Vang
2026-08-30 21:00:00,30.8,65,0.0,0.0,0.52,0,Phu Vang
2026-08-30 22:00:00,30.8,64,0.0,0.0,0.52,0,Phu Vang
2026-08-30 23:00:00,30.7,64,0.0,0.0,0.52,0,Phu Vang
2026-08-31 00:00:00,30.3,65,0.0,0.0,0.52,0,Phu Vang
2026-08-31 01:00:00,29.4,72,0.1,0.0,0.52,0,Phu Vang
2026-08-31 02:00:00,29.2,71,0.0,0.0,0.52,0,Phu Vang
2026-08-31 03:00:00,29.7,65,0.0,0.0,0.54,0,Phu Vang
2026-08-31 04:00:00,29.7,65,0.0,0.0,0.54,0,Phu Vang
2026-08-31 05:00:00,29.5,67,0.0,0.0,0.56,0,Phu Vang
2026-08-31 06:00:00,29.3,68,0.0,0.0,0.56,0,Phu Vang
2026-08-31 07:00:00,29.0,70,0.0,0.0,0.58,0,Phu Vang
2026-08-31 08:00:00,27.3,84,0.3,0.0,0.62,0,Phu Vang
2026-08-31 09:00:00,27.2,88,1.2,0.0,0.66,0,Phu Vang
2026-08-31 10:00:00,29.8,74,0.0,0.0,0.7,0,Phu Vang
2026-08-31 11:00:00,32.7,58,0.0,0.0,0.8,0,Phu Vang
2026-08-31 12:00:00,32.8,56,0.0,0.0,0.88,0,Phu Vang
2026-08-31 13:00:00,31.0,62,0.0,0.0,0.98,0,Phu Vang
2026-08-31 14:00:00,31.3,62,0.0,0.0,0.98,0,Phu Vang
2026-08-31 15:00:00,31.2,60,0.0,0.0,0.96,0,Phu Vang
2026-08-31 16:00:00,30.5,62,0.0,0.0,0.96,0,Phu Vang
2026-08-31 17:00:00,30.3,63,0.0,0.0,0.94,0,Phu Vang
2026-08-31 18:00:00,30.0,65,0.0,0.0,0.9,0,Phu Vang
2026-08-31 19:00:00,30.2,63,0.0,0.0,0.88,0,Phu Vang
2026-08-31 20:00:00,29.4,65,0.0,0.0,0.8,0,Phu Vang
2026-08-31 21:00:00,29.3,64,0.1,0.0,0.7,0,Phu Vang
2026-08-31 22:00:00,28.2,70,0.1,0.0,0.62,0,Phu Vang
2026-08-31 23:00:00,27.2,77,0.4,0.0,0.62,0,Phu Vang
2026-09-01 00:00:00,26.4,85,0.8,0.0,0.62,0,Phu Vang
2026-09-01 01:00:00,27.0,84,0.8,0.0,0.62,0,Phu Vang
2026-09-01 02:00:00,26.8,84,0.4,0.0,0.64,0,Phu Vang
2026-09-01 03:00:00,26.7,86,1.1,0.0,0.68,0,Phu Vang
2026-09-01 04:00:00,26.3,86,5.2,0.0,0.7,0,Phu Vang
2026-09-01 05:00:00,25.7,89,7.4,0.0,0.74,0,Phu Vang
2026-09-01 06:00:00,25.6,90,5.1,0.0,0.78,0,Phu Vang
2026-09-01 07:00:00,25.6,88,5.2,0.0,0.82,0,Phu Vang
2026-09-01 08:00:00,25.9,87,1.4,0.0,0.74,0,Phu Vang
2026-09-01 09:00:00,26.3,88,0.9,0.0,0.66,0,Phu Vang
2026-09-01 10:00:00,26.7,89,0.8,0.0,0.58,0,Phu Vang
2026-09-01 11:00:00,27.2,88,0.3,0.0,0.6,0,Phu Vang
2026-09-01 12:00:00,28.5,75,0.0,0.0,0.6,0,Phu Vang
2026-09-01 13:00:00,28.4,77,0.0,0.0,0.62,0,Phu Vang
2026-09-01 14:00:00,29.2,74,0.0,0.0,0.6,0,Phu Vang
2026-09-01 15:00:00,29.8,71,0.0,0.0,0.58,0,Phu Vang
2026-09-01 16:00:00,29.8,70,0.0,0.0,0.56,0,Phu Vang
2026-09-01 17:00:00,29.8,71,0.0,0.0,0.54,0,Phu Vang
2026-09-01 18:00:00,29.4,73,0.0,0.0,0.54,0,Phu Vang
2026-09-01 19:00:00,28.8,78,0.0,0.0,0.52,0,Phu Vang
2026-09-01 20:00:00,28.6,79,0.0,0.0,0.52,0,Phu Vang
2026-09-01 21:00:00,28.2,82,0.0,0.0,0.52,0,Phu Vang
2026-09-01 22:00:00,27.9,84,0.0,0.0,0.52,0,Phu Vang
2026-09-01 23:00:00,27.9,80,0.0,0.0,0.54,0,Phu Vang
2026-09-02 00:00:00,27.5,81,0.1,0.0,0.56,0,Phu Vang
2026-09-02 01:00:00,27.6,83,0.0,0.0,0.58,0,Phu Vang
2026-09-02 02:00:00,27.2,84,0.0,0.0,0.58,0,Phu Vang
2026-09-02 03:00:00,27.1,83,0.0,0.0,0.6,0,Phu Vang
2026-09-02 04:00:00,26.9,83,0.0,0.0,0.6,0,Phu Vang
2026-09-02 05:00:00,26.8,84,0.0,0.0,0.58,0,Phu Vang
2026-09-02 06:00:00,26.8,82,0.0,0.0,0.58,0,Phu Vang
2026-09-02 07:00:00,28.1,77,0.0,0.0,0.56,0,Phu Vang
2026-09-02 08:00:00,29.8,71,0.0,0.0,0.54,0,Phu Vang
2026-09-02 09:00:00,31.2,68,0.0,0.0,0.54,0,Phu Vang
2026-09-02 10:00:00,32.1,63,0.0,0.0,0.52,0,Phu Vang
2026-09-02 11:00:00,32.5,59,0.0,0.0,0.54,0,Phu Vang
2026-09-02 12:00:00,32.7,57,0.0,0.0,0.54,0,Phu Vang
2026-09-02 13:00:00,32.8,56,0.0,0.0,0.56,0,Phu Vang
2026-09-02 14:00:00,32.3,59,0.0,0.0,0.6,0,Phu Vang
2026-09-02 15:00:00,32.1,61,0.0,0.0,0.62,0,Phu Vang
2026-09-02 16:00:00,31.7,63,0.0,0.0,0.66,0,Phu Vang
2026-09-02 17:00:00,29.9,81,0.0,0.0,0.62,0,Phu Vang
2026-09-02 18:00:00,29.9,78,0.0,0.0,0.56,0,Phu Vang
2026-09-02 19:00:00,30.1,72,0.0,0.0,0.52,0,Phu Vang
2026-09-02 20:00:00,29.2,74,0.0,0.0,0.5,0,Phu Vang
2026-09-02 21:00:00,28.8,77,0.0,0.0,0.5,0,Phu Vang
2026-09-02 22:00:00,28.6,79,0.0,0.0,0.48,0,Phu Vang
2026-09-02 23:00:00,28.1,83,0.0,0.0,0.5,0,Phu Vang
2026-09-03 00:00:00,27.6,86,0.0,0.0,0.5,0,Phu Vang
2026-09-03 01:00:00,27.9,84,0.0,0.0,0.52,0,Phu Vang
2026-09-03 02:00:00,27.8,84,0.0,0.0,0.52,0,Phu Vang
2026-09-03 03:00:00,27.4,88,0.0,0.0,0.52,0,Phu Vang
2026-09-03 04:00:00,27.0,90,0.0,0.0,0.52,0,Phu Vang
2026-09-03 05:00:00,26.6,89,0.0,0.0,0.5,0,Phu Vang
2026-09-03 06:00:00,26.4,87,0.0,0.0,0.48,0,Phu Vang
2026-09-03 07:00:00,27.6,82,0.0,0.0,0.46,0,Phu Vang
2026-09-03 08:00:00,29.7,72,0.0,0.0,0.44,0,Phu Vang
2026-09-03 09:00:00,30.4,74,0.0,0.0,0.42,0,Phu Vang
2026-09-03 10:00:00,30.7,73,0.0,0.0,0.4,0,Phu Vang
2026-09-03 11:00:00,31.4,67,0.0,0.0,0.42,0,Phu Vang
2026-09-03 12:00:00,31.8,64,0.0,0.0,0.44,0,Phu Vang
2026-09-03 13:00:00,31.8,64,0.0,0.0,0.46,0,Phu Vang
2026-09-03 14:00:00,31.5,67,0.0,0.0,0.46,0,Phu Vang
2026-09-03 15:00:00,31.2,69,0.1,0.0,0.46,0,Phu Vang
2026-09-03 16:00:00,30.6,71,0.0,0.0,0.46,0,Phu Vang
2026-09-03 17:00:00,30.5,70,0.0,0.0,0.42,0,Phu Vang
2026-09-03 18:00:00,30.3,69,0.0,0.0,0.4,0,Phu Vang
2026-09-03 19:00:00,29.9,79,0.0,0.0,0.36,0,Phu Vang
2026-09-03 20:00:00,29.7,81,0.0,0.0,0.34,0,Phu Vang
2026-09-03 21:00:00,29.5,81,0.0,0.0,0.32,0,Phu Vang
2026-09-03 22:00:00,29.2,83,0.0,0.0,0.3,0,Phu Vang
2026-09-03 23:00:00,28.4,89,0.0,0.0,0.3,0,Phu Vang
2026-09-04 00:00:00,27.8,93,0.0,0.0,0.3,0,Phu Vang
2026-09-04 01:00:00,27.7,96,0.0,0.0,0.3,0,Phu Vang
2026-09-04 02:00:00,27.2,93,0.0,0.0,0.3,0,Phu Vang
2026-09-04 03:00:00,26.9,91,0.0,0.0,0.3,0,Phu Vang
2026-09-04 04:00:00,26.6,92,0.0,0.0,0.3,0,Phu Vang
2026-09-04 05:00:00,26.4,91,0.0,0.0,0.3,0,Phu Vang
2026-09-04 06:00:00,26.5,89,0.0,0.0,0.3,0,Phu Vang
2026-09-04 07:00:00,27.8,81,0.0,0.0,0.3,0,Phu Vang
2026-09-04 08:00:00,29.4,72,0.0,0.0,0.3,0,Phu Vang
2026-09-04 09:00:00,30.1,76,0.0,0.0,0.3,0,Phu Vang
2026-09-04 10:00:00,30.5,76,0.0,0.0,0.3,0,Phu Vang
2026-09-04 11:00:00,30.3,79,0.0,0.0,0.3,0,Phu Vang
2026-09-04 12:00:00,30.2,81,0.0,0.0,0.3,0,Phu Vang
2026-09-04 13:00:00,30.5,77,0.0,0.0,0.3,0,Phu Vang
2026-09-04 14:00:00,30.6,77,0.0,0.0,0.3,0,Phu Vang
2026-09-04 15:00:00,30.5,78,0.0,0.0,0.3,0,Phu Vang
2026-09-04 16:00:00,30.4,78,0.0,0.0,0.3,0,Phu Vang
2026-09-04 17:00:00,30.2,79,0.0,0.0,0.3,0,Phu Vang
2026-09-04 18:00:00,30.0,78,0.0,0.0,0.3,0,Phu Vang
2026-09-04 19:00:00,29.1,79,0.1,0.0,0.3,0,Phu Vang
2026-09-04 20:00:00,29.1,80,0.1,0.0,0.3,0,Phu Vang
2026-09-04 21:00:00,28.8,83,0.0,0.0,0.32,0,Phu Vang
2026-09-04 22:00:00,28.6,86,0.0,0.0,0.32,0,Phu Vang
2026-09-04 23:00:00,28.4,87,0.0,0.0,0.32,0,Phu Vang
2026-09-05 00:00:00,28.2,81,0.0,0.0,0.34,0,Phu Vang
2026-09-05 01:00:00,27.4,81,0.0,0.0,0.34,0,Phu Vang
2026-09-05 02:00:00,27.0,80,0.0,0.0,0.36,0,Phu Vang
2026-09-05 03:00:00,26.6,83,0.0,0.0,0.36,0,Phu Vang
2026-09-05 04:00:00,26.5,85,0.0,0.0,0.38,0,Phu Vang
2026-09-05 05:00:00,26.5,87,0.0,0.0,0.38,0,Phu Vang
2026-09-05 06:00:00,26.6,88,0.0,0.0,0.38,0,Phu Vang
2026-09-05 07:00:00,27.3,87,0.0,0.0,0.38,0,Phu Vang
2026-09-05 08:00:00,28.3,77,0.0,0.0,0.4,0,Phu Vang
2026-09-05 09:00:00,29.7,70,0.0,0.0,0.4,0,Phu Vang
2026-09-05 10:00:00,30.6,66,0.0,0.0,0.42,0,Phu Vang
2026-09-05 11:00:00,30.5,67,0.3,0.0,0.46,0,Phu Vang
2026-09-05 12:00:00,29.2,77,0.1,0.0,0.52,0,Phu Vang
2026-09-05 13:00:00,28.9,77,0.1,0.0,0.56,0,Phu Vang
2026-09-05 14:00:00,28.7,78,0.4,0.0,0.56,0,Phu Vang
2026-09-05 15:00:00,28.9,76,0.1,0.0,0.58,0,Phu Vang
2026-09-05 16:00:00,29.1,75,0.1,0.0,0.58,0,Phu Vang
2026-09-05 17:00:00,29.0,74,0.1,0.0,0.54,0,Phu Vang
2026-09-05 18:00:00,28.3,79,0.3,0.0,0.52,0,Phu Vang
2026-09-05 19:00:00,26.8,93,0.3,0.0,0.48,0,Phu Vang
2026-09-05 20:00:00,26.5,94,0.0,0.0,0.48,0,Phu Vang
2026-09-05 21:00:00,26.7,92,0.2,0.0,0.46,0,Phu Vang
2026-09-05 22:00:00,26.1,94,1.4,0.0,0.46,0,Phu Vang
2026-09-05 23:00:00,26.4,92,0.4,0.0,0.44,0,Phu Vang
2026-09-06 00:00:00,26.7,87,0.0,0.0,0.44,0,Phu Vang
2026-09-06 01:00:00,26.3,90,0.0,0.0,0.42,0,Phu Vang
2026-09-06 02:00:00,26.0,91,0.0,0.0,0.4,0,Phu Vang
2026-09-06 03:00:00,26.0,91,0.1,0.0,0.4,0,Phu Vang
2026-09-06 04:00:00,25.7,94,0.0,0.0,0.38,0,Phu Vang
2026-09-06 05:00:00,25.7,96,0.0,0.0,0.36,0,Phu Vang
2026-09-06 06:00:00,25.9,93,0.0,0.0,0.36,0,Phu Vang
2026-09-06 07:00:00,27.0,83,0.0,0.0,0.34,0,Phu Vang
2026-09-06 08:00:00,28.0,76,0.0,0.0,0.34,0,Phu Vang
2026-09-06 09:00:00,28.8,73,0.0,0.0,0.32,0,Phu Vang
2026-09-06 10:00:00,28.9,74,0.0,0.0,0.32,0,Phu Vang
2026-09-06 11:00:00,28.8,75,0.0,0.0,0.36,0,Phu Vang
2026-09-06 12:00:00,28.3,79,0.4,0.0,0.38,0,Phu Vang
2026-09-06 13:00:00,28.8,77,1.0,0.0,0.42,0,Phu Vang
2026-09-06 14:00:00,28.7,77,0.9,0.0,0.44,0,Phu Vang
2026-09-06 15:00:00,28.9,75,1.2,0.0,0.46,0,Phu Vang
2026-09-06 16:00:00,28.1,77,1.2,0.0,0.48,0,Phu Vang
2026-09-06 17:00:00,27.1,85,1.6,0.0,0.46,0,Phu Vang
2026-09-06 18:00:00,26.9,88,0.3,0.0,0.44,0,Phu Vang
2026-09-06 19:00:00,26.2,96,0.9,0.0,0.42,0,Phu Vang
2026-09-06 20:00:00,26.2,95,0.1,0.0,0.4,0,Phu Vang
2026-09-06 21:00:00,26.7,88,0.0,0.0,0.4,0,Phu Vang
2026-09-06 22:00:00,26.7,88,0.0,0.0,0.38,0,Phu Vang
2026-09-06 23:00:00,26.7,90,0.0,0.0,0.38,0,Phu Vang
2026-09-07 00:00:00,26.6,90,0.0,0.0,0.36,0,Phu Vang
2026-09-07 01:00:00,26.5,91,0.2,0.0,0.36,0,Phu Vang
2026-09-07 02:00:00,26.3,92,0.1,0.0,0.36,0,Phu Vang
2026-09-07 03:00:00,26.2,93,0.0,0.0,0.36,0,Phu Vang
2026-09-07 04:00:00,26.1,95,0.0,0.0,0.36,0,Phu Vang
2026-09-07 05:00:00,26.1,95,0.0,0.0,0.36,0,Phu Vang
2026-09-07 06:00:00,26.3,92,0.0,0.0,0.38,0,Phu Vang
2026-09-07 07:00:00,26.7,90,0.0,0.0,0.38,0,Phu Vang
2026-09-07 08:00:00,27.4,84,0.1,0.0,0.38,0,Phu Vang
2026-09-07 09:00:00,28.4,78,0.0,0.0,0.4,0,Phu Vang
2026-09-07 10:00:00,29.1,72,0.0,0.0,0.4,0,Phu Vang
2026-09-07 11:00:00,29.1,72,0.0,0.0,0.4,0,Phu Vang
2026-09-07 12:00:00,28.5,74,0.1,0.0,0.4,0,Phu Vang
2026-09-07 13:00:00,28.9,72,0.2,0.0,0.4,0,Phu Vang
2026-09-07 14:00:00,29.1,74,0.5,0.0,0.38,0,Phu Vang
2026-09-07 15:00:00,29.1,74,0.4,0.0,0.38,0,Phu Vang
2026-09-07 16:00:00,29.0,74,0.5,0.0,0.36,0,Phu Vang
2026-09-07 17:00:00,28.9,76,0.4,0.0,0.36,0,Phu Vang
2026-09-07 18:00:00,28.8,78,0.1,0.0,0.34,0,Phu Vang
2026-09-07 19:00:00,28.7,81,0.0,0.0,0.34,0,Phu Vang
2026-09-07 20:00:00,28.3,84,0.0,0.0,0.34,0,Phu Vang
2026-09-07 21:00:00,28.2,85,0.0,0.0,0.32,0,Phu Vang
2026-09-07 22:00:00,28.0,87,0.0,0.0,0.32,0,Phu Vang
2026-09-07 23:00:00,27.5,93,0.0,0.0,0.32,0,Phu Vang
2026-08-25 00:00:00,28.9,72,0.0,0.34,0.68,0,Huong Tra
2026-08-25 01:00:00,28.5,75,0.0,0.339,0.7,0,Huong Tra
2026-08-25 02:00:00,28.2,81,0.0,0.339,0.7,0,Huong Tra
2026-08-25 03:00:00,27.9,83,0.0,0.339,0.7,0,Huong Tra
2026-08-25 04:00:00,28.1,77,0.0,0.339,0.7,0,Huong Tra
2026-08-25 05:00:00,28.6,70,0.0,0.339,0.74,0,Huong Tra
2026-08-25 06:00:00,28.9,70,0.0,0.339,0.78,0,Huong Tra
2026-08-25 07:00:00,30.3,67,0.0,0.334,0.82,0,Huong Tra
2026-08-25 08:00:00,31.1,64,0.0,0.333,0.82,0,Huong Tra
2026-08-25 09:00:00,31.4,64,0.3,0.335,0.84,0,Huong Tra
2026-08-25 10:00:00,32.7,57,0.0,0.333,0.84,0,Huong Tra
2026-08-25 11:00:00,33.5,53,0.0,0.332,0.86,0,Huong Tra
2026-08-25 12:00:00,33.1,54,0.0,0.33,0.88,0,Huong Tra
2026-08-25 13:00:00,34.3,50,0.0,0.33,0.9,0,Huong Tra
2026-08-25 14:00:00,33.3,52,0.0,0.328,0.9,0,Huong Tra
2026-08-25 15:00:00,32.4,55,0.0,0.327,0.88,0,Huong Tra
2026-08-25 16:00:00,32.0,57,0.0,0.326,0.88,0,Huong Tra
2026-08-25 17:00:00,32.1,58,0.1,0.326,0.86,0,Huong Tra
2026-08-25 18:00:00,31.1,69,0.0,0.326,0.82,0,Huong Tra
2026-08-25 19:00:00,30.7,72,0.0,0.316,0.8,0,Huong Tra
2026-08-25 20:00:00,29.7,79,0.1,0.317,0.78,0,Huong Tra
2026-08-25 21:00:00,28.9,81,0.0,0.317,0.76,0,Huong Tra
2026-08-25 22:00:00,28.6,79,0.0,0.317,0.74,0,Huong Tra
2026-08-25 23:00:00,28.3,78,0.0,0.317,0.72,0,Huong Tra
2026-08-26 00:00:00,27.9,75,0.0,0.317,0.68,0,Huong Tra
2026-08-26 01:00:00,28.1,77,0.0,0.302,0.66,0,Huong Tra
2026-08-26 02:00:00,27.7,76,0.0,0.302,0.64,0,Huong Tra
2026-08-26 03:00:00,27.6,74,0.0,0.302,0.6,0,Huong Tra
2026-08-26 04:00:00,27.3,75,0.0,0.302,0.58,0,Huong Tra
2026-08-26 05:00:00,27.3,74,0.0,0.302,0.56,0,Huong Tra
2026-08-26 06:00:00,27.7,73,0.0,0.302,0.54,0,Huong Tra
2026-08-26 07:00:00,30.2,66,0.0,0.294,0.52,0,Huong Tra
2026-08-26 08:00:00,32.0,56,0.0,0.294,0.5,0,Huong Tra
2026-08-26 09:00:00,33.2,54,0.0,0.293,0.48,0,Huong Tra
2026-08-26 10:00:00,34.9,50,0.0,0.292,0.46,0,Huong Tra
2026-08-26 11:00:00,36.4,45,0.0,0.291,0.44,0,Huong Tra
2026-08-26 12:00:00,37.2,42,0.0,0.29,0.44,0,Huong Tra
2026-08-26 13:00:00,37.9,40,0.0,0.288,0.42,0,Huong Tra
2026-08-26 14:00:00,36.9,42,0.2,0.288,0.42,0,Huong Tra
2026-08-26 15:00:00,37.0,41,0.0,0.287,0.42,0,Huong Tra
2026-08-26 16:00:00,36.5,43,0.1,0.286,0.42,0,Huong Tra
2026-08-26 17:00:00,35.7,46,0.0,0.286,0.42,0,Huong Tra
2026-08-26 18:00:00,33.4,58,0.1,0.287,0.42,0,Huong Tra
2026-08-26 19:00:00,32.4,64,0.0,0.293,0.42,0,Huong Tra
2026-08-26 20:00:00,31.4,68,0.0,0.293,0.44,0,Huong Tra
2026-08-26 21:00:00,30.5,70,0.0,0.293,0.44,0,Huong Tra
2026-08-26 22:00:00,30.2,68,0.0,0.293,0.46,0,Huong Tra
2026-08-26 23:00:00,30.2,64,0.0,0.293,0.44,0,Huong Tra
2026-08-27 00:00:00,29.7,66,0.0,0.293,0.44,0,Huong Tra
2026-08-27 01:00:00,29.5,70,0.0,0.304,0.42,0,Huong Tra
2026-08-27 02:00:00,28.9,73,0.0,0.304,0.4,0,Huong Tra
2026-08-27 03:00:00,28.7,73,0.0,0.304,0.4,0,Huong Tra
2026-08-27 04:00:00,28.4,75,0.0,0.304,0.38,0,Huong Tra
2026-08-27 05:00:00,27.8,78,0.0,0.304,0.36,0,Huong Tra
2026-08-27 06:00:00,27.7,81,0.0,0.304,0.34,0,Huong Tra
2026-08-27 07:00:00,29.8,68,0.0,0.297,0.32,0,Huong Tra
2026-08-27 08:00:00,31.5,62,0.0,0.296,0.32,0,Huong Tra
2026-08-27 09:00:00,33.4,55,0.0,0.295,0.32,0,Huong Tra
2026-08-27 10:00:00,35.1,52,0.0,0.294,0.32,0,Huong Tra
2026-08-27 11:00:00,36.8,46,0.0,0.293,0.36,0,Huong Tra
2026-08-27 12:00:00,37.8,42,0.0,0.291,0.38,0,Huong Tra
2026-08-27 13:00:00,37.4,41,0.0,0.293,0.42,0,Huong Tra
2026-08-27 14:00:00,37.1,43,0.1,0.292,0.42,0,Huong Tra
2026-08-27 15:00:00,34.7,55,0.8,0.298,0.4,0,Huong Tra
2026-08-27 16:00:00,35.8,49,0.2,0.299,0.4,0,Huong Tra
2026-08-27 17:00:00,34.8,52,0.2,0.3,0.4,0,Huong Tra
2026-08-27 18:00:00,32.4,66,0.0,0.3,0.4,0,Huong Tra
2026-08-27 19:00:00,31.2,68,0.0,0.294,0.4,0,Huong Tra
2026-08-27 20:00:00,30.3,79,0.0,0.294,0.4,0,Huong Tra
2026-08-27 21:00:00,30.1,84,0.0,0.294,0.4,0,Huong Tra
2026-08-27 22:00:00,29.6,82,0.0,0.294,0.4,0,Huong Tra
2026-08-27 23:00:00,29.9,72,0.0,0.294,0.38,0,Huong Tra
2026-08-28 00:00:00,29.8,68,0.0,0.294,0.38,0,Huong Tra
2026-08-28 01:00:00,29.0,78,0.0,0.301,0.36,0,Huong Tra
2026-08-28 02:00:00,28.7,77,0.0,0.301,0.36,0,Huong Tra
2026-08-28 03:00:00,28.4,78,0.0,0.301,0.34,0,Huong Tra
2026-08-28 04:00:00,28.1,80,0.0,0.301,0.34,0,Huong Tra
2026-08-28 05:00:00,27.9,81,0.0,0.301,0.34,0,Huong Tra
2026-08-28 06:00:00,28.1,80,0.0,0.301,0.36,0,Huong Tra
2026-08-28 07:00:00,29.7,76,0.0,0.299,0.36,0,Huong Tra
2026-08-28 08:00:00,32.2,59,0.0,0.298,0.38,0,Huong Tra
2026-08-28 09:00:00,33.3,55,0.0,0.297,0.4,0,Huong Tra
2026-08-28 10:00:00,34.7,51,0.0,0.296,0.42,0,Huong Tra
2026-08-28 11:00:00,35.9,45,0.0,0.295,0.46,0,Huong Tra
2026-08-28 12:00:00,36.7,43,0.0,0.293,0.48,0,Huong Tra
2026-08-28 13:00:00,35.7,43,0.0,0.288,0.52,0,Huong Tra
2026-08-28 14:00:00,35.1,47,1.0,0.295,0.52,0,Huong Tra
2026-08-28 15:00:00,35.1,47,0.6,0.299,0.52,0,Huong Tra
2026-08-28 16:00:00,35.0,46,0.0,0.298,0.52,0,Huong Tra
2026-08-28 17:00:00,34.1,50,0.0,0.298,0.5,0,Huong Tra
2026-08-28 18:00:00,32.5,57,0.0,0.297,0.48,0,Huong Tra
2026-08-28 19:00:00,32.0,59,0.0,0.282,0.46,0,Huong Tra
2026-08-28 20:00:00,31.3,61,0.0,0.282,0.44,0,Huong Tra
2026-08-28 21:00:00,30.4,67,0.0,0.282,0.4,0,Huong Tra
2026-08-28 22:00:00,29.8,68,0.0,0.282,0.38,0,Huong Tra
2026-08-28 23:00:00,29.5,66,0.0,0.282,0.38,0,Huong Tra
2026-08-29 00:00:00,28.9,67,0.0,0.282,0.36,0,Huong Tra
2026-08-29 01:00:00,28.9,73,0.0,0.29,0.36,0,Huong Tra
2026-08-29 02:00:00,28.3,76,0.0,0.29,0.36,0,Huong Tra
2026-08-29 03:00:00,27.8,78,0.0,0.29,0.34,0,Huong Tra
2026-08-29 04:00:00,27.7,75,0.0,0.29,0.34,0,Huong Tra
2026-08-29 05:00:00,28.0,72,0.0,0.29,0.34,0,Huong Tra
2026-08-29 06:00:00,28.4,70,0.0,0.29,0.36,0,Huong Tra
2026-08-29 07:00:00,30.6,63,0.0,0.287,0.36,0,Huong Tra
2026-08-29 08:00:00,32.2,55,0.0,0.287,0.4,0,Huong Tra
2026-08-29 09:00:00,33.4,52,0.0,0.286,0.44,0,Huong Tra
2026-08-29 10:00:00,34.9,48,0.0,0.285,0.48,0,Huong Tra
2026-08-29 11:00:00,36.1,43,0.0,0.284,0.58,0,Huong Tra
2026-08-29 12:00:00,36.8,42,0.0,0.283,0.66,0,Huong Tra
2026-08-29 13:00:00,36.1,43,0.0,0.28,0.76,0,Huong Tra
2026-08-29 14:00:00,35.5,45,0.0,0.279,0.74,0,Huong Tra
2026-08-29 15:00:00,35.6,45,0.0,0.279,0.74,0,Huong Tra
2026-08-29 16:00:00,35.1,45,0.0,0.278,0.72,0,Huong Tra
2026-08-29 17:00:00,34.4,48,0.0,0.278,0.66,0,Huong Tra
2026-08-29 18:00:00,33.0,54,0.0,0.278,0.62,0,Huong Tra
2026-08-29 19:00:00,32.5,56,0.0,0.265,0.56,0,Huong Tra
2026-08-29 20:00:00,31.9,59,0.0,0.265,0.54,0,Huong Tra
2026-08-29 21:00:00,31.1,60,0.0,0.265,0.54,0,Huong Tra
2026-08-29 22:00:00,30.6,61,0.0,0.264,0.52,0,Huong Tra
2026-08-29 23:00:00,30.2,64,0.0,0.264,0.54,0,Huong Tra
2026-08-30 00:00:00,29.8,66,0.0,0.264,0.58,0,Huong Tra
2026-08-30 01:00:00,30.0,68,0.0,0.24,0.6,0,Huong Tra
2026-08-30 02:00:00,28.6,80,0.3,0.242,0.62,0,Huong Tra
2026-08-30 03:00:00,27.4,90,0.3,0.244,0.66,0,Huong Tra
2026-08-30 04:00:00,27.1,94,0.0,0.244,0.68,0,Huong Tra
2026-08-30 05:00:00,27.1,92,0.0,0.244,0.72,0,Huong Tra
2026-08-30 06:00:00,27.2,81,0.0,0.244,0.74,0,Huong Tra
2026-08-30 07:00:00,27.3,88,0.0,0.226,0.78,0,Huong Tra
2026-08-30 08:00:00,29.0,82,0.3,0.229,0.8,0,Huong Tra
2026-08-30 09:00:00,29.7,77,0.3,0.231,0.8,0,Huong Tra
2026-08-30 10:00:00,31.0,64,0.1,0.232,0.82,0,Huong Tra
2026-08-30 11:00:00,31.4,61,0.1,0.232,0.82,0,Huong Tra
2026-08-30 12:00:00,31.8,58,0.0,0.232,0.84,0,Huong Tra
2026-08-30 13:00:00,32.9,51,0.1,0.207,0.84,0,Huong Tra
2026-08-30 14:00:00,32.5,51,0.0,0.207,0.82,0,Huong Tra
2026-08-30 15:00:00,32.0,52,0.0,0.207,0.78,0,Huong Tra
2026-08-30 16:00:00,32.0,52,0.0,0.207,0.76,0,Huong Tra
2026-08-30 17:00:00,31.6,53,0.0,0.207,0.72,0,Huong Tra
2026-08-30 18:00:00,30.7,56,0.0,0.207,0.7,0,Huong Tra
2026-08-30 19:00:00,29.8,67,0.0,0.227,0.66,0,Huong Tra
2026-08-30 20:00:00,29.2,67,0.0,0.227,0.68,0,Huong Tra
2026-08-30 21:00:00,29.0,68,0.0,0.227,0.7,0,Huong Tra
2026-08-30 22:00:00,28.5,72,0.0,0.228,0.72,0,Huong Tra
2026-08-30 23:00:00,28.7,69,0.0,0.228,0.74,0,Huong Tra
2026-08-31 00:00:00,28.5,68,0.0,0.228,0.76,0,Huong Tra
2026-08-31 01:00:00,27.3,81,2.1,0.238,0.78,0,Huong Tra
2026-08-31 02:00:00,27.3,76,0.0,0.238,0.8,0,Huong Tra
2026-08-31 03:00:00,27.8,71,0.0,0.238,0.8,0,Huong Tra
2026-08-31 04:00:00,28.1,69,0.0,0.238,0.82,0,Huong Tra
2026-08-31 05:00:00,28.1,71,0.0,0.238,0.84,0,Huong Tra
2026-08-31 06:00:00,27.9,72,0.0,0.238,0.84,0,Huong Tra
2026-08-31 07:00:00,27.0,81,0.0,0.255,0.86,0,Huong Tra
2026-08-31 08:00:00,25.4,95,11.7,0.416,0.88,0,Huong Tra
2026-08-31 09:00:00,26.8,92,1.2,0.429,0.92,0,Huong Tra
2026-08-31 10:00:00,31.6,67,0.0,0.426,0.94,0,Huong Tra
2026-08-31 11:00:00,33.1,54,0.0,0.42,0.98,0,Huong Tra
2026-08-31 12:00:00,32.7,54,0.0,0.416,1.0,0,Huong Tra
2026-08-31 13:00:00,31.0,60,0.0,0.44,1.04,0,Huong Tra
2026-08-31 14:00:00,30.8,59,0.0,0.436,1.04,0,Huong Tra
2026-08-31 15:00:00,30.7,59,0.0,0.432,1.02,0,Huong Tra
2026-08-31 16:00:00,29.7,61,0.0,0.429,1.02,0,Huong Tra
2026-08-31 17:00:00,29.3,63,0.0,0.427,1.0,0,Huong Tra
2026-08-31 18:00:00,29.1,63,0.0,0.426,0.96,0,Huong Tra
2026-08-31 19:00:00,28.9,62,0.0,0.289,0.94,0,Huong Tra
2026-08-31 20:00:00,28.5,63,0.0,0.289,0.86,0,Huong Tra
2026-08-31 21:00:00,27.9,68,0.1,0.29,0.8,0,Huong Tra
2026-08-31 22:00:00,26.9,76,0.3,0.292,0.72,0,Huong Tra
2026-08-31 23:00:00,26.7,77,0.2,0.293,0.74,0,Huong Tra
2026-09-01 00:00:00,26.6,80,0.3,0.295,0.78,0,Huong Tra
2026-09-01 01:00:00,26.0,89,0.5,0.288,0.8,0,Huong Tra
2026-09-01 02:00:00,25.5,91,0.5,0.294,0.84,0,Huong Tra
2026-09-01 03:00:00,25.2,92,2.0,0.322,0.86,0,Huong Tra
2026-09-01 04:00:00,24.3,96,9.2,0.451,0.9,0,Huong Tra
2026-09-01 05:00:00,24.3,97,9.0,0.52,0.92,0,Huong Tra
2026-09-01 06:00:00,24.5,97,9.2,0.513,0.94,0,Huong Tra
2026-09-01 07:00:00,24.4,97,8.2,0.515,0.96,0,Huong Tra
2026-09-01 08:00:00,24.8,99,2.5,0.512,0.88,0,Huong Tra
2026-09-01 09:00:00,25.6,98,1.2,0.503,0.78,0,Huong Tra
2026-09-01 10:00:00,26.5,96,0.4,0.495,0.7,0,Huong Tra
2026-09-01 11:00:00,26.7,90,0.2,0.489,0.7,0,Huong Tra
2026-09-01 12:00:00,27.2,94,0.7,0.488,0.72,0,Huong Tra
2026-09-01 13:00:00,27.7,90,0.3,0.482,0.72,0,Huong Tra
2026-09-01 14:00:00,29.1,78,0.0,0.478,0.7,0,Huong Tra
2026-09-01 15:00:00,29.2,74,0.0,0.473,0.66,0,Huong Tra
2026-09-01 16:00:00,28.8,76,0.0,0.47,0.64,0,Huong Tra
2026-09-01 17:00:00,29.0,75,0.0,0.467,0.62,0,Huong Tra
2026-09-01 18:00:00,28.1,76,0.0,0.464,0.6,0,Huong Tra
2026-09-01 19:00:00,27.3,84,0.0,0.473,0.58,0,Huong Tra
2026-09-01 20:00:00,26.5,89,0.0,0.471,0.6,0,Huong Tra
2026-09-01 21:00:00,26.1,91,0.0,0.469,0.6,0,Huong Tra
2026-09-01 22:00:00,25.6,93,0.0,0.468,0.62,0,Huong Tra
2026-09-01 23:00:00,25.5,93,0.0,0.466,0.66,0,Huong Tra
2026-09-02 00:00:00,25.5,94,0.0,0.465,0.68,0,Huong Tra
2026-09-02 01:00:00,25.3,98,0.0,0.463,0.72,0,Huong Tra
2026-09-02 02:00:00,25.3,97,0.0,0.462,0.72,0,Huong Tra
2026-09-02 03:00:00,25.3,96,0.0,0.461,0.74,0,Huong Tra
2026-09-02 04:00:00,25.3,95,0.0,0.46,0.74,0,Huong Tra
2026-09-02 05:00:00,25.4,93,0.0,0.459,0.74,0,Huong Tra
2026-09-02 06:00:00,25.8,86,0.0,0.458,0.72,0,Huong Tra
2026-09-02 07:00:00,28.4,77,0.0,0.43,0.72,0,Huong Tra
2026-09-02 08:00:00,30.8,67,0.0,0.428,0.7,0,Huong Tra
2026-09-02 09:00:00,32.6,58,0.0,0.426,0.7,0,Huong Tra
2026-09-02 10:00:00,34.0,52,0.0,0.422,0.68,0,Huong Tra
2026-09-02 11:00:00,34.5,48,0.0,0.418,0.66,0,Huong Tra
2026-09-02 12:00:00,34.8,46,0.1,0.415,0.64,0,Huong Tra
2026-09-02 13:00:00,35.5,39,0.0,0.406,0.62,0,Huong Tra
2026-09-02 14:00:00,34.4,43,0.1,0.404,0.6,0,Huong Tra
2026-09-02 15:00:00,34.1,45,0.0,0.4,0.58,0,Huong Tra
2026-09-02 16:00:00,33.3,49,0.1,0.399,0.56,0,Huong Tra
2026-09-02 17:00:00,31.2,62,0.1,0.398,0.54,0,Huong Tra
2026-09-02 18:00:00,29.9,68,0.0,0.398,0.54,0,Huong Tra
2026-09-02 19:00:00,28.5,71,0.0,0.395,0.52,0,Huong Tra
2026-09-02 20:00:00,27.6,78,0.0,0.395,0.52,0,Huong Tra
2026-09-02 21:00:00,27.0,85,0.0,0.394,0.52,0,Huong Tra
2026-09-02 22:00:00,26.6,89,0.0,0.394,0.52,0,Huong Tra
2026-09-02 23:00:00,26.0,91,0.0,0.394,0.54,0,Huong Tra
2026-09-03 00:00:00,25.8,91,0.0,0.394,0.56,0,Huong Tra
2026-09-03 01:00:00,25.9,91,0.0,0.383,0.58,0,Huong Tra
2026-09-03 02:00:00,25.4,94,0.0,0.383,0.56,0,Huong Tra
2026-09-03 03:00:00,25.6,93,0.0,0.383,0.54,0,Huong Tra
2026-09-03 04:00:00,25.0,96,0.0,0.383,0.52,0,Huong Tra
2026-09-03 05:00:00,24.8,95,0.0,0.383,0.5,0,Huong Tra
2026-09-03 06:00:00,25.2,91,0.0,0.383,0.46,0,Huong Tra
2026-09-03 07:00:00,27.9,81,0.0,0.389,0.44,0,Huong Tra
2026-09-03 08:00:00,30.4,68,0.0,0.387,0.42,0,Huong Tra
2026-09-03 09:00:00,32.7,57,0.0,0.385,0.42,0,Huong Tra
2026-09-03 10:00:00,33.9,47,0.1,0.383,0.4,0,Huong Tra
2026-09-03 11:00:00,34.7,44,0.0,0.38,0.42,0,Huong Tra
2026-09-03 12:00:00,35.1,43,0.0,0.376,0.44,0,Huong Tra
2026-09-03 13:00:00,35.0,44,0.0,0.367,0.46,0,Huong Tra
2026-09-03 14:00:00,34.4,47,0.0,0.364,0.44,0,Huong Tra
2026-09-03 15:00:00,33.8,48,0.1,0.362,0.42,0,Huong Tra
2026-09-03 16:00:00,33.3,49,0.1,0.361,0.4,0,Huong Tra
2026-09-03 17:00:00,32.2,55,0.0,0.36,0.38,0,Huong Tra
2026-09-03 18:00:00,30.2,69,0.0,0.359,0.34,0,Huong Tra
2026-09-03 19:00:00,28.5,85,0.0,0.373,0.32,0,Huong Tra
2026-09-03 20:00:00,27.8,89,0.0,0.373,0.32,0,Huong Tra
2026-09-03 21:00:00,27.4,92,0.0,0.373,0.3,0,Huong Tra
2026-09-03 22:00:00,26.9,94,0.0,0.373,0.3,0,Huong Tra
2026-09-03 23:00:00,26.4,97,0.0,0.373,0.3,0,Huong Tra
2026-09-04 00:00:00,26.0,98,0.0,0.373,0.3,0,Huong Tra
2026-09-04 01:00:00,26.2,96,0.0,0.37,0.3,0,Huong Tra
2026-09-04 02:00:00,25.7,96,0.0,0.37,0.3,0,Huong Tra
2026-09-04 03:00:00,25.4,96,0.0,0.37,0.3,0,Huong Tra
2026-09-04 04:00:00,25.0,93,0.0,0.37,0.3,0,Huong Tra
2026-09-04 05:00:00,24.6,91,0.0,0.37,0.3,0,Huong Tra
2026-09-04 06:00:00,24.4,89,0.0,0.37,0.3,0,Huong Tra
2026-09-04 07:00:00,26.8,81,0.0,0.369,0.3,0,Huong Tra
2026-09-04 08:00:00,30.0,70,0.0,0.368,0.3,0,Huong Tra
2026-09-04 09:00:00,32.1,62,0.0,0.366,0.3,0,Huong Tra
2026-09-04 10:00:00,33.5,56,0.0,0.364,0.3,0,Huong Tra
2026-09-04 11:00:00,34.1,52,0.1,0.362,0.3,0,Huong Tra
2026-09-04 12:00:00,35.4,46,0.1,0.359,0.3,0,Huong Tra
2026-09-04 13:00:00,36.1,38,0.1,0.357,0.3,0,Huong Tra
2026-09-04 14:00:00,34.7,47,0.3,0.357,0.3,0,Huong Tra
2026-09-04 15:00:00,33.0,58,0.6,0.359,0.28,0,Huong Tra
2026-09-04 16:00:00,32.1,62,0.0,0.358,0.28,0,Huong Tra
2026-09-04 17:00:00,31.2,68,0.0,0.357,0.3,0,Huong Tra
2026-09-04 18:00:00,28.9,80,0.1,0.357,0.3,0,Huong Tra
2026-09-04 19:00:00,27.7,93,7.3,0.438,0.32,0,Huong Tra
2026-09-04 20:00:00,27.6,96,0.0,0.437,0.32,0,Huong Tra
2026-09-04 21:00:00,27.5,96,0.0,0.436,0.34,0,Huong Tra
2026-09-04 22:00:00,27.0,98,0.0,0.436,0.34,0,Huong Tra
2026-09-04 23:00:00,26.5,96,0.0,0.435,0.34,0,Huong Tra
2026-09-05 00:00:00,26.2,90,0.0,0.434,0.34,0,Huong Tra
2026-09-05 01:00:00,25.7,90,0.0,0.433,0.34,0,Huong Tra
2026-09-05 02:00:00,25.3,94,0.0,0.433,0.36,0,Huong Tra
2026-09-05 03:00:00,25.2,95,0.0,0.432,0.36,0,Huong Tra
2026-09-05 04:00:00,25.2,97,0.0,0.431,0.38,0,Huong Tra
2026-09-05 05:00:00,25.0,97,0.0,0.431,0.38,0,Huong Tra
2026-09-05 06:00:00,25.1,97,0.0,0.43,0.38,0,Huong Tra
2026-09-05 07:00:00,27.3,88,0.0,0.441,0.38,0,Huong Tra
2026-09-05 08:00:00,27.8,84,0.0,0.439,0.42,0,Huong Tra
2026-09-05 09:00:00,29.8,73,0.0,0.437,0.44,0,Huong Tra
2026-09-05 10:00:00,31.7,62,0.0,0.433,0.48,0,Huong Tra
2026-09-05 11:00:00,32.8,56,0.0,0.429,0.52,0,Huong Tra
2026-09-05 12:00:00,32.8,56,0.2,0.426,0.54,0,Huong Tra
2026-09-05 13:00:00,30.7,64,0.7,0.432,0.58,0,Huong Tra
2026-09-05 14:00:00,29.7,71,0.4,0.432,0.58,0,Huong Tra
2026-09-05 15:00:00,30.6,69,0.2,0.43,0.58,0,Huong Tra
2026-09-05 16:00:00,29.2,75,0.5,0.432,0.58,0,Huong Tra
2026-09-05 17:00:00,26.3,93,1.9,0.451,0.56,0,Huong Tra
2026-09-05 18:00:00,25.5,99,3.2,0.489,0.52,0,Huong Tra
2026-09-05 19:00:00,26.2,97,0.1,0.481,0.5,0,Huong Tra
2026-09-05 20:00:00,25.9,97,0.0,0.479,0.48,0,Huong Tra
2026-09-05 21:00:00,25.4,97,0.3,0.479,0.48,0,Huong Tra
2026-09-05 22:00:00,25.5,96,0.7,0.486,0.46,0,Huong Tra
2026-09-05 23:00:00,25.5,96,0.4,0.486,0.44,0,Huong Tra
2026-09-06 00:00:00,25.5,96,0.0,0.483,0.44,0,Huong Tra
2026-09-06 01:00:00,25.8,96,0.0,0.471,0.42,0,Huong Tra
2026-09-06 02:00:00,25.6,96,0.0,0.47,0.4,0,Huong Tra
2026-09-06 03:00:00,25.4,97,0.0,0.468,0.38,0,Huong Tra
2026-09-06 04:00:00,25.5,96,0.0,0.467,0.36,0,Huong Tra
2026-09-06 05:00:00,25.6,95,0.0,0.466,0.36,0,Huong Tra
2026-09-06 06:00:00,25.5,98,0.0,0.464,0.34,0,Huong Tra
2026-09-06 07:00:00,26.1,95,0.0,0.461,0.34,0,Huong Tra
2026-09-06 08:00:00,27.9,86,0.0,0.459,0.34,0,Huong Tra
2026-09-06 09:00:00,30.1,72,0.0,0.457,0.36,0,Huong Tra
2026-09-06 10:00:00,31.2,65,0.0,0.453,0.36,0,Huong Tra
2026-09-06 11:00:00,32.3,62,0.0,0.449,0.42,0,Huong Tra
2026-09-06 12:00:00,29.8,76,0.6,0.45,0.46,0,Huong Tra
2026-09-06 13:00:00,31.5,64,6.9,0.488,0.52,0,Huong Tra
2026-09-06 14:00:00,29.3,79,0.8,0.487,0.52,0,Huong Tra
2026-09-06 15:00:00,26.2,92,9.0,0.52,0.52,0,Huong Tra
2026-09-06 16:00:00,26.8,92,2.9,0.514,0.52,0,Huong Tra
2026-09-06 17:00:00,26.1,95,2.9,0.51,0.5,0,Huong Tra
2026-09-06 18:00:00,25.9,97,0.6,0.507,0.46,0,Huong Tra
2026-09-06 19:00:00,25.9,98,0.7,0.501,0.44,0,Huong Tra
2026-09-06 20:00:00,25.8,98,0.1,0.499,0.42,0,Huong Tra
2026-09-06 21:00:00,25.7,96,0.0,0.497,0.42,0,Huong Tra
2026-09-06 22:00:00,25.7,94,0.0,0.495,0.4,0,Huong Tra
2026-09-06 23:00:00,25.7,94,0.1,0.493,0.4,0,Huong Tra
2026-09-07 00:00:00,25.6,96,0.8,0.502,0.38,0,Huong Tra
2026-09-07 01:00:00,25.5,98,1.4,0.498,0.38,0,Huong Tra
2026-09-07 02:00:00,25.3,97,0.2,0.497,0.38,0,Huong Tra
2026-09-07 03:00:00,25.2,97,0.0,0.495,0.4,0,Huong Tra
2026-09-07 04:00:00,25.1,95,0.0,0.493,0.4,0,Huong Tra
2026-09-07 05:00:00,25.2,93,0.0,0.492,0.4,0,Huong Tra
2026-09-07 06:00:00,25.4,93,0.0,0.49,0.42,0,Huong Tra
2026-09-07 07:00:00,25.5,97,0.0,0.496,0.42,0,Huong Tra
2026-09-07 08:00:00,26.4,96,0.3,0.497,0.42,0,Huong Tra
2026-09-07 09:00:00,28.5,82,0.1,0.495,0.42,0,Huong Tra
2026-09-07 10:00:00,30.2,72,0.0,0.491,0.42,0,Huong Tra
2026-09-07 11:00:00,30.2,71,0.1,0.489,0.42,0,Huong Tra
2026-09-07 12:00:00,30.0,79,0.6,0.49,0.4,0,Huong Tra
2026-09-07 13:00:00,29.7,75,1.5,0.498,0.4,0,Huong Tra
2026-09-07 14:00:00,28.4,88,3.6,0.506,0.38,0,Huong Tra
2026-09-07 15:00:00,28.0,88,2.2,0.502,0.38,0,Huong Tra
2026-09-07 16:00:00,28.2,90,0.9,0.507,0.36,0,Huong Tra
2026-09-07 17:00:00,27.7,91,0.4,0.506,0.34,0,Huong Tra
2026-09-07 18:00:00,27.1,96,0.2,0.504,0.34,0,Huong Tra
2026-09-07 19:00:00,26.9,99,0.0,0.502,0.32,0,Huong Tra
2026-09-07 20:00:00,26.6,99,0.0,0.501,0.32,0,Huong Tra
2026-09-07 21:00:00,26.5,98,0.0,0.5,0.3,0,Huong Tra
2026-09-07 22:00:00,26.4,97,0.0,0.498,0.3,0,Huong Tra
2026-09-07 23:00:00,26.3,97,0.0,0.497,0.28,0,Huong Tra
2026-08-25 00:00:00,29.9,65,0.0,0.275,0.68,0,Quang Dien
2026-08-25 01:00:00,29.8,67,0.0,0.266,0.7,0,Quang Dien
2026-08-25 02:00:00,29.4,66,0.0,0.266,0.7,0,Quang Dien
2026-08-25 03:00:00,29.3,66,0.0,0.266,0.7,0,Quang Dien
2026-08-25 04:00:00,29.5,64,0.0,0.266,0.7,0,Quang Dien
2026-08-25 05:00:00,29.8,61,0.0,0.266,0.74,0,Quang Dien
2026-08-25 06:00:00,29.9,61,0.0,0.265,0.78,0,Quang Dien
2026-08-25 07:00:00,31.5,57,0.0,0.265,0.82,0,Quang Dien
2026-08-25 08:00:00,31.6,59,0.2,0.266,0.82,0,Quang Dien
2026-08-25 09:00:00,31.0,67,0.8,0.272,0.84,0,Quang Dien
2026-08-25 10:00:00,33.7,52,0.0,0.271,0.84,0,Quang Dien
2026-08-25 11:00:00,34.8,47,0.0,0.271,0.86,0,Quang Dien
2026-08-25 12:00:00,34.5,47,0.0,0.27,0.88,0,Quang Dien
2026-08-25 13:00:00,35.7,43,0.0,0.268,0.9,0,Quang Dien
2026-08-25 14:00:00,34.3,48,0.1,0.268,0.9,0,Quang Dien
2026-08-25 15:00:00,33.3,51,0.0,0.268,0.88,0,Quang Dien
2026-08-25 16:00:00,32.7,53,0.0,0.267,0.88,0,Quang Dien
2026-08-25 17:00:00,32.8,53,0.1,0.268,0.86,0,Quang Dien
2026-08-25 18:00:00,32.0,55,0.0,0.268,0.82,0,Quang Dien
2026-08-25 19:00:00,31.9,57,0.0,0.262,0.8,0,Quang Dien
2026-08-25 20:00:00,30.9,62,0.1,0.263,0.78,0,Quang Dien
2026-08-25 21:00:00,30.3,66,0.0,0.263,0.76,0,Quang Dien
2026-08-25 22:00:00,29.8,68,0.0,0.263,0.74,0,Quang Dien
2026-08-25 23:00:00,29.3,70,0.0,0.263,0.72,0,Quang Dien
2026-08-26 00:00:00,28.8,71,0.0,0.263,0.68,0,Quang Dien
2026-08-26 01:00:00,29.0,73,0.0,0.248,0.66,0,Quang Dien
2026-08-26 02:00:00,28.4,75,0.0,0.248,0.64,0,Quang Dien
2026-08-26 03:00:00,28.3,74,0.0,0.248,0.6,0,Quang Dien
2026-08-26 04:00:00,28.1,75,0.0,0.248,0.58,0,Quang Dien
2026-08-26 05:00:00,28.2,74,0.0,0.248,0.56,0,Quang Dien
2026-08-26 06:00:00,28.8,69,0.0,0.248,0.54,0,Quang Dien
2026-08-26 07:00:00,31.0,60,0.0,0.251,0.52,0,Quang Dien
2026-08-26 08:00:00,33.0,50,0.0,0.25,0.5,0,Quang Dien
2026-08-26 09:00:00,34.3,48,0.0,0.25,0.48,0,Quang Dien
2026-08-26 10:00:00,36.2,44,0.0,0.25,0.46,0,Quang Dien
2026-08-26 11:00:00,37.9,39,0.0,0.25,0.44,0,Quang Dien
2026-08-26 12:00:00,38.8,36,0.0,0.25,0.44,0,Quang Dien
2026-08-26 13:00:00,39.4,34,0.0,0.251,0.42,0,Quang Dien
2026-08-26 14:00:00,38.2,38,0.3,0.253,0.42,0,Quang Dien
2026-08-26 15:00:00,38.3,37,0.1,0.253,0.42,0,Quang Dien
2026-08-26 16:00:00,37.6,38,0.1,0.254,0.42,0,Quang Dien
2026-08-26 17:00:00,36.4,41,0.0,0.254,0.42,0,Quang Dien
2026-08-26 18:00:00,34.6,47,0.0,0.254,0.42,0,Quang Dien
2026-08-26 19:00:00,33.6,54,0.0,0.255,0.42,0,Quang Dien
2026-08-26 20:00:00,32.5,62,0.0,0.255,0.44,0,Quang Dien
2026-08-26 21:00:00,32.0,64,0.0,0.255,0.44,0,Quang Dien
2026-08-26 22:00:00,31.4,64,0.0,0.255,0.46,0,Quang Dien
2026-08-26 23:00:00,30.9,65,0.0,0.255,0.44,0,Quang Dien
2026-08-27 00:00:00,30.3,66,0.0,0.255,0.44,0,Quang Dien
2026-08-27 01:00:00,30.3,68,0.0,0.268,0.42,0,Quang Dien
2026-08-27 02:00:00,29.8,68,0.0,0.268,0.4,0,Quang Dien
2026-08-27 03:00:00,29.5,69,0.0,0.268,0.4,0,Quang Dien
2026-08-27 04:00:00,29.3,70,0.0,0.268,0.38,0,Quang Dien
2026-08-27 05:00:00,28.8,72,0.0,0.268,0.36,0,Quang Dien
2026-08-27 06:00:00,28.5,75,0.0,0.268,0.34,0,Quang Dien
2026-08-27 07:00:00,31.2,59,0.0,0.261,0.32,0,Quang Dien
2026-08-27 08:00:00,32.9,53,0.0,0.261,0.32,0,Quang Dien
2026-08-27 09:00:00,34.6,49,0.0,0.26,0.32,0,Quang Dien
2026-08-27 10:00:00,36.3,46,0.0,0.26,0.32,0,Quang Dien
2026-08-27 11:00:00,38.1,40,0.0,0.259,0.36,0,Quang Dien
2026-08-27 12:00:00,39.2,36,0.0,0.258,0.38,0,Quang Dien
2026-08-27 13:00:00,39.1,36,0.0,0.26,0.42,0,Quang Dien
2026-08-27 14:00:00,39.0,36,0.0,0.26,0.42,0,Quang Dien
2026-08-27 15:00:00,37.6,40,0.2,0.261,0.4,0,Quang Dien
2026-08-27 16:00:00,37.3,40,0.1,0.261,0.4,0,Quang Dien
2026-08-27 17:00:00,36.0,44,0.1,0.261,0.4,0,Quang Dien
2026-08-27 18:00:00,34.6,47,0.0,0.261,0.4,0,Quang Dien
2026-08-27 19:00:00,32.2,62,0.0,0.273,0.4,0,Quang Dien
2026-08-27 20:00:00,31.7,64,0.1,0.273,0.4,0,Quang Dien
2026-08-27 21:00:00,31.5,67,0.0,0.274,0.4,0,Quang Dien
2026-08-27 22:00:00,30.9,72,0.0,0.274,0.4,0,Quang Dien
2026-08-27 23:00:00,30.4,74,0.0,0.274,0.38,0,Quang Dien
2026-08-28 00:00:00,29.9,71,0.0,0.273,0.38,0,Quang Dien
2026-08-28 01:00:00,29.6,74,0.0,0.279,0.36,0,Quang Dien
2026-08-28 02:00:00,29.3,76,0.0,0.279,0.36,0,Quang Dien
2026-08-28 03:00:00,29.1,77,0.0,0.279,0.34,0,Quang Dien
2026-08-28 04:00:00,28.8,79,0.0,0.279,0.34,0,Quang Dien
2026-08-28 05:00:00,28.6,81,0.0,0.279,0.34,0,Quang Dien
2026-08-28 06:00:00,28.6,80,0.0,0.279,0.36,0,Quang Dien
2026-08-28 07:00:00,30.7,66,0.0,0.289,0.36,0,Quang Dien
2026-08-28 08:00:00,33.0,55,0.0,0.288,0.38,0,Quang Dien
2026-08-28 09:00:00,34.3,50,0.0,0.287,0.4,0,Quang Dien
2026-08-28 10:00:00,35.7,46,0.0,0.286,0.42,0,Quang Dien
2026-08-28 11:00:00,37.0,41,0.0,0.284,0.46,0,Quang Dien
2026-08-28 12:00:00,37.7,39,0.0,0.283,0.48,0,Quang Dien
2026-08-28 13:00:00,37.4,38,0.0,0.278,0.52,0,Quang Dien
2026-08-28 14:00:00,35.8,43,1.2,0.287,0.52,0,Quang Dien
2026-08-28 15:00:00,35.9,42,0.8,0.292,0.52,0,Quang Dien
2026-08-28 16:00:00,35.9,42,0.0,0.291,0.52,0,Quang Dien
2026-08-28 17:00:00,34.9,45,0.0,0.29,0.5,0,Quang Dien
2026-08-28 18:00:00,33.3,51,0.0,0.29,0.48,0,Quang Dien
2026-08-28 19:00:00,33.0,52,0.0,0.248,0.46,0,Quang Dien
2026-08-28 20:00:00,32.4,53,0.0,0.248,0.44,0,Quang Dien
2026-08-28 21:00:00,31.8,56,0.0,0.248,0.4,0,Quang Dien
2026-08-28 22:00:00,31.1,59,0.0,0.248,0.38,0,Quang Dien
2026-08-28 23:00:00,30.5,62,0.0,0.248,0.38,0,Quang Dien
2026-08-29 00:00:00,29.9,64,0.0,0.248,0.36,0,Quang Dien
2026-08-29 01:00:00,29.9,64,0.0,0.257,0.36,0,Quang Dien
2026-08-29 02:00:00,29.3,68,0.0,0.257,0.36,0,Quang Dien
2026-08-29 03:00:00,29.0,68,0.0,0.256,0.34,0,Quang Dien
2026-08-29 04:00:00,28.9,67,0.0,0.256,0.34,0,Quang Dien
2026-08-29 05:00:00,28.9,67,0.0,0.256,0.34,0,Quang Dien
2026-08-29 06:00:00,29.4,64,0.0,0.256,0.36,0,Quang Dien
2026-08-29 07:00:00,31.4,58,0.0,0.256,0.36,0,Quang Dien
2026-08-29 08:00:00,32.9,52,0.0,0.255,0.4,0,Quang Dien
2026-08-29 09:00:00,34.2,48,0.0,0.255,0.44,0,Quang Dien
2026-08-29 10:00:00,35.8,42,0.0,0.255,0.48,0,Quang Dien
2026-08-29 11:00:00,37.0,39,0.0,0.254,0.58,0,Quang Dien
2026-08-29 12:00:00,37.8,38,0.0,0.254,0.66,0,Quang Dien
2026-08-29 13:00:00,36.7,41,0.0,0.259,0.76,0,Quang Dien
2026-08-29 14:00:00,36.4,42,0.0,0.259,0.74,0,Quang Dien
2026-08-29 15:00:00,36.3,43,0.0,0.259,0.74,0,Quang Dien
2026-08-29 16:00:00,35.8,43,0.0,0.258,0.72,0,Quang Dien
2026-08-29 17:00:00,34.7,46,0.0,0.258,0.66,0,Quang Dien
2026-08-29 18:00:00,33.4,50,0.0,0.258,0.62,0,Quang Dien
2026-08-29 19:00:00,33.4,50,0.0,0.234,0.56,0,Quang Dien
2026-08-29 20:00:00,32.9,52,0.0,0.234,0.54,0,Quang Dien
2026-08-29 21:00:00,32.2,55,0.0,0.234,0.54,0,Quang Dien
2026-08-29 22:00:00,31.7,57,0.0,0.234,0.52,0,Quang Dien
2026-08-29 23:00:00,31.1,59,0.0,0.234,0.54,0,Quang Dien
2026-08-30 00:00:00,30.6,61,0.0,0.234,0.58,0,Quang Dien
2026-08-30 01:00:00,30.4,63,0.0,0.216,0.6,0,Quang Dien
2026-08-30 02:00:00,27.4,88,0.8,0.222,0.62,0,Quang Dien
2026-08-30 03:00:00,26.5,91,1.1,0.235,0.66,0,Quang Dien
2026-08-30 04:00:00,26.9,88,0.0,0.235,0.68,0,Quang Dien
2026-08-30 05:00:00,27.4,80,0.0,0.235,0.72,0,Quang Dien
2026-08-30 06:00:00,27.7,72,0.0,0.235,0.74,0,Quang Dien
2026-08-30 07:00:00,28.7,71,0.0,0.287,0.78,0,Quang Dien
2026-08-30 08:00:00,31.1,59,0.0,0.286,0.8,0,Quang Dien
2026-08-30 09:00:00,31.3,58,0.0,0.286,0.8,0,Quang Dien
2026-08-30 10:00:00,32.1,56,0.0,0.285,0.82,0,Quang Dien
2026-08-30 11:00:00,32.3,55,0.0,0.284,0.82,0,Quang Dien
2026-08-30 12:00:00,31.8,58,0.0,0.284,0.84,0,Quang Dien
2026-08-30 13:00:00,32.6,52,0.1,0.255,0.84,0,Quang Dien
2026-08-30 14:00:00,32.4,52,0.0,0.255,0.82,0,Quang Dien
2026-08-30 15:00:00,32.0,52,0.0,0.255,0.78,0,Quang Dien
2026-08-30 16:00:00,31.7,53,0.0,0.255,0.76,0,Quang Dien
2026-08-30 17:00:00,31.5,54,0.0,0.254,0.72,0,Quang Dien
2026-08-30 18:00:00,30.6,57,0.0,0.254,0.7,0,Quang Dien
2026-08-30 19:00:00,30.4,61,0.0,0.255,0.66,0,Quang Dien
2026-08-30 20:00:00,30.0,63,0.0,0.255,0.68,0,Quang Dien
2026-08-30 21:00:00,29.7,65,0.0,0.255,0.7,0,Quang Dien
2026-08-30 22:00:00,29.3,66,0.0,0.255,0.72,0,Quang Dien
2026-08-30 23:00:00,29.3,65,0.0,0.255,0.74,0,Quang Dien
2026-08-31 00:00:00,28.7,66,0.0,0.255,0.76,0,Quang Dien
2026-08-31 01:00:00,27.7,75,1.4,0.262,0.78,0,Quang Dien
2026-08-31 02:00:00,27.9,71,0.0,0.262,0.8,0,Quang Dien
2026-08-31 03:00:00,28.3,68,0.0,0.262,0.8,0,Quang Dien
2026-08-31 04:00:00,28.6,66,0.0,0.262,0.82,0,Quang Dien
2026-08-31 05:00:00,28.6,67,0.0,0.262,0.84,0,Quang Dien
2026-08-31 06:00:00,28.3,70,0.0,0.261,0.84,0,Quang Dien
2026-08-31 07:00:00,28.2,69,0.0,0.246,0.86,0,Quang Dien
2026-08-31 08:00:00,25.8,90,2.6,0.276,0.88,0,Quang Dien
2026-08-31 09:00:00,27.9,85,0.5,0.281,0.92,0,Quang Dien
2026-08-31 10:00:00,33.4,54,0.0,0.281,0.94,0,Quang Dien
2026-08-31 11:00:00,34.0,49,0.0,0.28,0.98,0,Quang Dien
2026-08-31 12:00:00,33.2,51,0.0,0.279,1.0,0,Quang Dien
2026-08-31 13:00:00,31.5,57,0.0,0.307,1.04,0,Quang Dien
2026-08-31 14:00:00,31.2,55,0.0,0.305,1.04,0,Quang Dien
2026-08-31 15:00:00,31.3,55,0.0,0.304,1.02,0,Quang Dien
2026-08-31 16:00:00,30.0,59,0.0,0.303,1.02,0,Quang Dien
2026-08-31 17:00:00,29.6,63,0.0,0.303,1.0,0,Quang Dien
2026-08-31 18:00:00,29.3,62,0.0,0.302,0.96,0,Quang Dien
2026-08-31 19:00:00,28.5,64,0.0,0.285,0.94,0,Quang Dien
2026-08-31 20:00:00,28.1,67,0.2,0.286,0.86,0,Quang Dien
2026-08-31 21:00:00,27.8,69,0.1,0.287,0.8,0,Quang Dien
2026-08-31 22:00:00,27.3,71,0.1,0.288,0.72,0,Quang Dien
2026-08-31 23:00:00,27.3,72,0.2,0.289,0.74,0,Quang Dien
2026-09-01 00:00:00,26.7,78,0.5,0.293,0.78,0,Quang Dien
2026-09-01 01:00:00,26.1,85,0.7,0.293,0.8,0,Quang Dien
2026-09-01 02:00:00,25.7,86,0.3,0.297,0.84,0,Quang Dien
2026-09-01 03:00:00,25.1,88,3.0,0.337,0.86,0,Quang Dien
2026-09-01 04:00:00,24.7,92,8.5,0.456,0.9,0,Quang Dien
2026-09-01 05:00:00,24.8,92,9.8,0.492,0.92,0,Quang Dien
2026-09-01 06:00:00,24.9,90,6.4,0.517,0.94,0,Quang Dien
2026-09-01 07:00:00,24.8,90,7.3,0.517,0.96,0,Quang Dien
2026-09-01 08:00:00,25.0,94,1.9,0.506,0.88,0,Quang Dien
2026-09-01 09:00:00,25.9,93,1.0,0.498,0.78,0,Quang Dien
2026-09-01 10:00:00,26.9,91,0.5,0.491,0.7,0,Quang Dien
2026-09-01 11:00:00,27.5,82,0.3,0.484,0.7,0,Quang Dien
2026-09-01 12:00:00,27.4,84,0.6,0.482,0.72,0,Quang Dien
2026-09-01 13:00:00,27.8,85,0.6,0.481,0.72,0,Quang Dien
2026-09-01 14:00:00,29.4,74,0.0,0.474,0.7,0,Quang Dien
2026-09-01 15:00:00,29.4,73,0.0,0.469,0.66,0,Quang Dien
2026-09-01 16:00:00,29.1,75,0.0,0.465,0.64,0,Quang Dien
2026-09-01 17:00:00,29.4,72,0.0,0.46,0.62,0,Quang Dien
2026-09-01 18:00:00,28.6,73,0.0,0.457,0.6,0,Quang Dien
2026-09-01 19:00:00,27.6,82,0.0,0.462,0.58,0,Quang Dien
2026-09-01 20:00:00,27.0,83,0.0,0.46,0.6,0,Quang Dien
2026-09-01 21:00:00,26.7,84,0.0,0.458,0.6,0,Quang Dien
2026-09-01 22:00:00,26.3,86,0.0,0.456,0.62,0,Quang Dien
2026-09-01 23:00:00,26.3,84,0.0,0.454,0.66,0,Quang Dien
2026-09-02 00:00:00,26.3,83,0.0,0.453,0.68,0,Quang Dien
2026-09-02 01:00:00,26.3,83,0.0,0.451,0.72,0,Quang Dien
2026-09-02 02:00:00,26.3,82,0.0,0.45,0.72,0,Quang Dien
2026-09-02 03:00:00,26.3,80,0.0,0.448,0.74,0,Quang Dien
2026-09-02 04:00:00,26.2,79,0.0,0.447,0.74,0,Quang Dien
2026-09-02 05:00:00,26.2,79,0.0,0.446,0.74,0,Quang Dien
2026-09-02 06:00:00,26.6,78,0.0,0.445,0.72,0,Quang Dien
2026-09-02 07:00:00,29.0,70,0.0,0.432,0.72,0,Quang Dien
2026-09-02 08:00:00,31.0,64,0.0,0.429,0.7,0,Quang Dien
2026-09-02 09:00:00,32.8,57,0.0,0.426,0.7,0,Quang Dien
2026-09-02 10:00:00,34.1,52,0.0,0.421,0.68,0,Quang Dien
2026-09-02 11:00:00,34.6,48,0.0,0.415,0.66,0,Quang Dien
2026-09-02 12:00:00,35.1,46,0.1,0.41,0.64,0,Quang Dien
2026-09-02 13:00:00,35.6,39,0.0,0.404,0.62,0,Quang Dien
2026-09-02 14:00:00,34.4,44,0.1,0.399,0.6,0,Quang Dien
2026-09-02 15:00:00,34.3,45,0.0,0.395,0.58,0,Quang Dien
2026-09-02 16:00:00,33.1,51,0.2,0.394,0.56,0,Quang Dien
2026-09-02 17:00:00,31.0,66,0.2,0.394,0.54,0,Quang Dien
2026-09-02 18:00:00,30.1,67,0.0,0.394,0.54,0,Quang Dien
2026-09-02 19:00:00,28.8,69,0.0,0.386,0.52,0,Quang Dien
2026-09-02 20:00:00,28.2,76,0.0,0.386,0.52,0,Quang Dien
2026-09-02 21:00:00,27.9,78,0.0,0.385,0.52,0,Quang Dien
2026-09-02 22:00:00,27.5,80,0.0,0.385,0.52,0,Quang Dien
2026-09-02 23:00:00,26.9,83,0.0,0.385,0.54,0,Quang Dien
2026-09-03 00:00:00,26.6,86,0.0,0.385,0.56,0,Quang Dien
2026-09-03 01:00:00,26.8,86,0.0,0.373,0.58,0,Quang Dien
2026-09-03 02:00:00,26.3,89,0.0,0.372,0.56,0,Quang Dien
2026-09-03 03:00:00,26.6,87,0.0,0.372,0.54,0,Quang Dien
2026-09-03 04:00:00,25.8,92,0.0,0.372,0.52,0,Quang Dien
2026-09-03 05:00:00,25.4,95,0.0,0.372,0.5,0,Quang Dien
2026-09-03 06:00:00,25.4,95,0.0,0.372,0.46,0,Quang Dien
2026-09-03 07:00:00,27.5,84,0.0,0.376,0.44,0,Quang Dien
2026-09-03 08:00:00,30.0,73,0.0,0.375,0.42,0,Quang Dien
2026-09-03 09:00:00,32.5,61,0.0,0.372,0.42,0,Quang Dien
2026-09-03 10:00:00,34.1,47,0.1,0.369,0.4,0,Quang Dien
2026-09-03 11:00:00,34.8,44,0.0,0.365,0.42,0,Quang Dien
2026-09-03 12:00:00,35.3,44,0.0,0.361,0.44,0,Quang Dien
2026-09-03 13:00:00,35.0,46,0.0,0.353,0.46,0,Quang Dien
2026-09-03 14:00:00,34.6,47,0.0,0.349,0.44,0,Quang Dien
2026-09-03 15:00:00,34.2,46,0.1,0.347,0.42,0,Quang Dien
2026-09-03 16:00:00,33.3,49,0.0,0.344,0.4,0,Quang Dien
2026-09-03 17:00:00,32.1,54,0.0,0.343,0.38,0,Quang Dien
2026-09-03 18:00:00,30.9,60,0.0,0.342,0.34,0,Quang Dien
2026-09-03 19:00:00,29.7,70,0.0,0.35,0.32,0,Quang Dien
2026-09-03 20:00:00,28.9,76,0.0,0.35,0.32,0,Quang Dien
2026-09-03 21:00:00,28.6,81,0.0,0.35,0.3,0,Quang Dien
2026-09-03 22:00:00,28.1,83,0.0,0.349,0.3,0,Quang Dien
2026-09-03 23:00:00,27.6,85,0.0,0.349,0.3,0,Quang Dien
2026-09-04 00:00:00,27.0,89,0.0,0.349,0.3,0,Quang Dien
2026-09-04 01:00:00,27.0,93,0.0,0.345,0.3,0,Quang Dien
2026-09-04 02:00:00,26.4,96,0.0,0.345,0.3,0,Quang Dien
2026-09-04 03:00:00,25.9,99,0.0,0.345,0.3,0,Quang Dien
2026-09-04 04:00:00,25.5,99,0.0,0.345,0.3,0,Quang Dien
2026-09-04 05:00:00,25.0,95,0.0,0.345,0.3,0,Quang Dien
2026-09-04 06:00:00,24.9,91,0.0,0.345,0.3,0,Quang Dien
2026-09-04 07:00:00,27.0,80,0.0,0.341,0.3,0,Quang Dien
2026-09-04 08:00:00,30.1,69,0.0,0.34,0.3,0,Quang Dien
2026-09-04 09:00:00,32.2,61,0.0,0.338,0.3,0,Quang Dien
2026-09-04 10:00:00,33.5,57,0.0,0.335,0.3,0,Quang Dien
2026-09-04 11:00:00,34.0,53,0.2,0.334,0.3,0,Quang Dien
2026-09-04 12:00:00,34.6,53,0.2,0.332,0.3,0,Quang Dien
2026-09-04 13:00:00,34.3,56,0.3,0.338,0.3,0,Quang Dien
2026-09-04 14:00:00,33.8,58,0.6,0.341,0.3,0,Quang Dien
2026-09-04 15:00:00,32.5,63,0.5,0.343,0.28,0,Quang Dien
2026-09-04 16:00:00,31.9,66,0.3,0.343,0.28,0,Quang Dien
2026-09-04 17:00:00,30.8,73,0.1,0.343,0.3,0,Quang Dien
2026-09-04 18:00:00,29.6,79,0.0,0.343,0.3,0,Quang Dien
2026-09-04 19:00:00,28.2,84,3.9,0.385,0.32,0,Quang Dien
2026-09-04 20:00:00,28.0,87,0.1,0.386,0.32,0,Quang Dien
2026-09-04 21:00:00,27.9,89,0.0,0.386,0.34,0,Quang Dien
2026-09-04 22:00:00,27.3,93,0.0,0.385,0.34,0,Quang Dien
2026-09-04 23:00:00,26.9,88,0.0,0.385,0.34,0,Quang Dien
2026-09-05 00:00:00,26.5,85,0.0,0.385,0.34,0,Quang Dien
2026-09-05 01:00:00,25.7,84,0.0,0.385,0.34,0,Quang Dien
2026-09-05 02:00:00,25.4,87,0.0,0.385,0.36,0,Quang Dien
2026-09-05 03:00:00,25.3,88,0.0,0.385,0.36,0,Quang Dien
2026-09-05 04:00:00,25.2,91,0.0,0.385,0.38,0,Quang Dien
2026-09-05 05:00:00,25.2,91,0.0,0.384,0.38,0,Quang Dien
2026-09-05 06:00:00,25.1,92,0.0,0.384,0.38,0,Quang Dien
2026-09-05 07:00:00,27.3,88,0.0,0.39,0.38,0,Quang Dien
2026-09-05 08:00:00,28.3,82,0.0,0.389,0.42,0,Quang Dien
2026-09-05 09:00:00,30.3,72,0.0,0.387,0.44,0,Quang Dien
2026-09-05 10:00:00,31.9,62,0.0,0.384,0.48,0,Quang Dien
2026-09-05 11:00:00,32.8,56,0.1,0.38,0.52,0,Quang Dien
2026-09-05 12:00:00,31.7,63,0.3,0.378,0.54,0,Quang Dien
2026-09-05 13:00:00,29.8,71,1.4,0.405,0.58,0,Quang Dien
2026-09-05 14:00:00,30.0,72,0.5,0.406,0.58,0,Quang Dien
2026-09-05 15:00:00,30.5,65,0.1,0.403,0.58,0,Quang Dien
2026-09-05 16:00:00,29.6,71,1.0,0.409,0.58,0,Quang Dien
2026-09-05 17:00:00,27.8,81,1.3,0.422,0.56,0,Quang Dien
2026-09-05 18:00:00,26.5,93,2.3,0.452,0.52,0,Quang Dien
2026-09-05 19:00:00,26.6,94,0.1,0.451,0.5,0,Quang Dien
2026-09-05 20:00:00,26.3,94,0.0,0.449,0.48,0,Quang Dien
2026-09-05 21:00:00,26.0,95,0.1,0.448,0.48,0,Quang Dien
2026-09-05 22:00:00,25.8,96,0.4,0.452,0.46,0,Quang Dien
2026-09-05 23:00:00,25.7,96,0.1,0.451,0.44,0,Quang Dien
2026-09-06 00:00:00,25.8,95,0.0,0.45,0.44,0,Quang Dien
2026-09-06 01:00:00,26.2,93,0.0,0.444,0.42,0,Quang Dien
2026-09-06 02:00:00,26.0,93,0.0,0.443,0.4,0,Quang Dien
2026-09-06 03:00:00,25.9,95,0.0,0.441,0.38,0,Quang Dien
2026-09-06 04:00:00,25.7,96,0.0,0.44,0.36,0,Quang Dien
2026-09-06 05:00:00,25.6,97,0.0,0.439,0.36,0,Quang Dien
2026-09-06 06:00:00,25.7,97,0.0,0.438,0.34,0,Quang Dien
2026-09-06 07:00:00,26.1,90,0.0,0.45,0.34,0,Quang Dien
2026-09-06 08:00:00,28.2,79,0.0,0.447,0.34,0,Quang Dien
2026-09-06 09:00:00,30.0,70,0.0,0.443,0.36,0,Quang Dien
2026-09-06 10:00:00,31.3,65,0.0,0.438,0.36,0,Quang Dien
2026-09-06 11:00:00,32.5,62,0.0,0.432,0.42,0,Quang Dien
2026-09-06 12:00:00,29.2,76,1.5,0.445,0.46,0,Quang Dien
2026-09-06 13:00:00,31.2,67,4.0,0.49,0.52,0,Quang Dien
2026-09-06 14:00:00,28.9,75,2.4,0.505,0.52,0,Quang Dien
2026-09-06 15:00:00,27.9,83,2.2,0.503,0.52,0,Quang Dien
2026-09-06 16:00:00,27.9,84,1.4,0.502,0.52,0,Quang Dien
2026-09-06 17:00:00,27.1,86,2.2,0.508,0.5,0,Quang Dien
2026-09-06 18:00:00,26.3,92,0.7,0.5,0.46,0,Quang Dien
2026-09-06 19:00:00,26.1,97,0.8,0.486,0.44,0,Quang Dien
2026-09-06 20:00:00,26.1,97,0.0,0.483,0.42,0,Quang Dien
2026-09-06 21:00:00,26.1,97,0.0,0.48,0.42,0,Quang Dien
2026-09-06 22:00:00,26.1,94,0.0,0.478,0.4,0,Quang Dien
2026-09-06 23:00:00,26.2,91,0.0,0.476,0.4,0,Quang Dien
2026-09-07 00:00:00,25.9,94,0.9,0.486,0.38,0,Quang Dien
2026-09-07 01:00:00,25.7,96,0.8,0.476,0.38,0,Quang Dien
2026-09-07 02:00:00,25.5,96,0.2,0.476,0.38,0,Quang Dien
2026-09-07 03:00:00,25.3,96,0.0,0.474,0.4,0,Quang Dien
2026-09-07 04:00:00,25.2,95,0.0,0.473,0.4,0,Quang Dien
2026-09-07 05:00:00,25.1,96,0.0,0.471,0.4,0,Quang Dien
2026-09-07 06:00:00,25.3,94,0.0,0.47,0.42,0,Quang Dien
2026-09-07 07:00:00,25.8,95,0.0,0.48,0.42,0,Quang Dien
2026-09-07 08:00:00,27.0,88,0.2,0.479,0.42,0,Quang Dien
2026-09-07 09:00:00,28.9,77,0.0,0.476,0.42,0,Quang Dien
2026-09-07 10:00:00,30.4,71,0.0,0.472,0.42,0,Quang Dien
2026-09-07 11:00:00,30.9,69,0.1,0.469,0.42,0,Quang Dien
2026-09-07 12:00:00,31.7,69,0.1,0.466,0.4,0,Quang Dien
2026-09-07 13:00:00,29.1,79,1.1,0.47,0.4,0,Quang Dien
2026-09-07 14:00:00,29.2,83,5.0,0.516,0.38,0,Quang Dien
2026-09-07 15:00:00,28.7,85,2.6,0.516,0.38,0,Quang Dien
2026-09-07 16:00:00,29.0,83,1.0,0.508,0.36,0,Quang Dien
2026-09-07 17:00:00,28.8,81,0.3,0.502,0.34,0,Quang Dien
2026-09-07 18:00:00,27.9,89,0.1,0.498,0.34,0,Quang Dien
2026-09-07 19:00:00,27.5,92,0.0,0.491,0.32,0,Quang Dien
2026-09-07 20:00:00,26.9,97,0.0,0.49,0.32,0,Quang Dien
2026-09-07 21:00:00,26.8,97,0.0,0.488,0.3,0,Quang Dien
2026-09-07 22:00:00,26.6,97,0.0,0.487,0.3,0,Quang Dien
2026-09-07 23:00:00,26.5,97,0.0,0.486,0.28,0,Quang Dien
